Date,Close_EURUSD,High_EURUSD,Low_EURUSD,Open_EURUSD,Volume_EURUSD
"2015-01-01 00:00:00",1.2098628282546997,1.2098628282546997,1.2098628282546997,1.2098628282546997,0
"2015-01-02 00:00:00",1.2089413404464722,1.208956003189087,1.2010799646377563,1.2088682651519775,0
"2015-01-05 00:00:00",1.194643259048462,1.1975904703140259,1.1889094114303589,1.195500135421753,0
"2015-01-06 00:00:00",1.193901538848877,1.1969999074935913,1.1886931657791138,1.1938302516937256,0
"2015-01-07 00:00:00",1.1875356435775757,1.1900001764297485,1.1804006099700928,1.1874792575836182,0
"2015-01-08 00:00:00",1.1836000680923462,1.184805989265442,1.1756006479263306,1.1838942766189575,0
"2015-01-09 00:00:00",1.1796069145202637,1.1838297843933105,1.176830530166626,1.1794260740280151,0
"2015-01-12 00:00:00",1.187070369720459,1.1872000694274902,1.1788004636764526,1.1870139837265015,0
"2015-01-13 00:00:00",1.1831519603729248,1.1859019994735718,1.1756504774093628,1.1832358837127686,0
"2015-01-14 00:00:00",1.1778285503387451,1.184356927871704,1.173060417175293,1.1776759624481201,0
"2015-01-15 00:00:00",1.1785920858383179,1.1788560152053833,1.1592293977737427,1.178383708000183,0
"2015-01-16 00:00:00",1.1637378931045532,1.1650002002716064,1.1464300155639648,1.1639004945755005,0
"2015-01-19 00:00:00",1.1566041707992554,1.1638705730438232,1.155401587486267,1.156376838684082,0
"2015-01-20 00:00:00",1.1597968339920044,1.1615993976593018,1.1569199562072754,1.1597026586532593,0
"2015-01-21 00:00:00",1.1546944379806519,1.1663997173309326,1.1543744802474976,1.1546677350997925,0
"2015-01-22 00:00:00",1.1615345478057861,1.1642893552780151,1.1414000988006592,1.1616965532302856,0
"2015-01-23 00:00:00",1.1346745491027832,1.1373976469039917,1.1121799945831299,1.1346487998962402,0
"2015-01-26 00:00:00",1.1125450134277344,1.1283994913101196,1.1140819787979126,1.1140819787979126,0
"2015-01-27 00:00:00",1.1247708797454834,1.14199960231781,1.1226003170013428,1.1250998973846436,0
"2015-01-28 00:00:00",1.1367381811141968,1.138200283050537,1.1307804584503174,1.1366994380950928,0
"2015-01-29 00:00:00",1.1281461715698242,1.1368002891540527,1.126405119895935,1.1284770965576172,0
"2015-01-30 00:00:00",1.13355553150177,1.1363998651504517,1.1285994052886963,1.1337354183197021,0
"2015-02-02 00:00:00",1.1309019327163696,1.1359995603561401,1.1292927265167236,1.130467176437378,0
"2015-02-03 00:00:00",1.1341726779937744,1.1450005769729614,1.1317901611328125,1.1336969137191772,0
"2015-02-04 00:00:00",1.145737886428833,1.1484194993972778,1.1404199600219727,1.1456853151321411,0
"2015-02-05 00:00:00",1.131874680519104,1.1460003852844238,1.1316953897476196,1.131721019744873,0
"2015-02-06 00:00:00",1.147196888923645,1.147599697113037,1.132002830505371,1.1470915079116821,0
"2015-02-09 00:00:00",1.1314393281936646,1.1359995603561401,1.1271694898605347,1.1314777135849,0
"2015-02-10 00:00:00",1.1326953172683716,1.1350003480911255,1.127559781074524,1.1326054334640503,0
"2015-02-11 00:00:00",1.1321951150894165,1.1331958770751953,1.128860592842102,1.1319515705108643,0
"2015-02-12 00:00:00",1.131196141242981,1.1398193836212158,1.1306205987930298,1.130825161933899,0
"2015-02-13 00:00:00",1.140393853187561,1.1450005769729614,1.138200283050537,1.1404849290847778,0
"2015-02-16 00:00:00",1.1400039196014404,1.1435000896453857,1.1397050619125366,1.1397050619125366,0
"2015-02-17 00:00:00",1.1334012746810913,1.1442302465438843,1.1325156688690186,1.1333627700805664,0
"2015-02-18 00:00:00",1.1404719352722168,1.1415003538131714,1.1347800493240356,1.1404979228973389,0
"2015-02-19 00:00:00",1.1400039196014404,1.1450005769729614,1.135620355606079,1.1400818824768066,0
"2015-02-20 00:00:00",1.1366735696792603,1.1375994682312012,1.1282098293304443,1.1366735696792603,0
"2015-02-23 00:00:00",1.1381484270095825,1.1393024921417236,1.1296601295471191,1.1379412412643433,0
"2015-02-24 00:00:00",1.1332985162734985,1.1347401142120361,1.1290695667266846,1.1334141492843628,0
"2015-02-25 00:00:00",1.1339025497436523,1.1388003826141357,1.1337804794311523,1.1340696811676025,0
"2015-02-26 00:00:00",1.1363636255264282,1.1378804445266724,1.1202698945999146,1.1362732648849487,0
"2015-02-27 00:00:00",1.1205360889434814,1.1249998807907104,1.117680549621582,1.120360255241394,0
"2015-03-02 00:00:00",1.1161960363388062,1.1240400075912476,1.1163954734802246,1.117093801498413,0
"2015-03-03 00:00:00",1.1179054975509644,1.1214005947113037,1.115599513053894,1.1176680326461792,0
"2015-03-04 00:00:00",1.118217945098877,1.118806004524231,1.1062803268432617,1.1184055805206299,0
"2015-03-05 00:00:00",1.1082050800323486,1.1108901500701904,1.1010500192642212,1.1079963445663452,0
"2015-03-06 00:00:00",1.1032048463821411,1.103399634361267,1.0852224826812744,1.103399634361267,0
"2015-03-09 00:00:00",1.0845986604690552,1.0910003185272217,1.0837758779525757,1.0845634937286377,0
"2015-03-10 00:00:00",1.0833414793014526,1.0837054252624512,1.0705904960632324,1.0835762023925781,0
"2015-03-11 00:00:00",1.0708701610565186,1.0714553594589233,1.0561401844024658,1.070939064025879,0
"2015-03-12 00:00:00",1.0548745393753052,1.0681501626968384,1.0501554012298584,1.0549412965774536,0
"2015-03-13 00:00:00",1.0626314878463745,1.0629997253417969,1.0486302375793457,1.062597632408142,0
"2015-03-16 00:00:00",1.0481630563735962,1.0613998174667358,1.0484488010406494,1.0484488010406494,0
"2015-03-17 00:00:00",1.0572947263717651,1.064900279045105,1.055297613143921,1.057283639907837,0
"2015-03-18 00:00:00",1.0598047971725464,1.064599871635437,1.0580499172210693,1.0595914125442505,0
"2015-03-19 00:00:00",1.0849988460540771,1.0914051532745361,1.0621405839920044,1.0843987464904785,0
"2015-03-20 00:00:00",1.066894292831421,1.0814902782440186,1.065719723701477,1.067270040512085,0
"2015-03-23 00:00:00",1.0826611518859863,1.094369649887085,1.0769503116607666,1.082602620124817,0
"2015-03-24 00:00:00",1.094499111175537,1.1030004024505615,1.0893305540084839,1.0947985649108887,0
"2015-03-25 00:00:00",1.0902034044265747,1.1012972593307495,1.0910003185272217,1.0910598039627075,0
"2015-03-26 00:00:00",1.0960465669631958,1.1045196056365967,1.0912598371505737,1.0966475009918213,0
"2015-03-27 00:00:00",1.0886367559432983,1.089538335800171,1.0805296897888184,1.0885539054870605,0
"2015-03-30 00:00:00",1.0884946584701538,1.0884946584701538,1.0811103582382202,1.0881984233856201,0
"2015-03-31 00:00:00",1.0830246210098267,1.0843517780303955,1.071765422821045,1.0829074382781982,0
"2015-04-01 00:00:00",1.073814034461975,1.0800302028656006,1.072129726409912,1.0741022825241089,0
"2015-04-02 00:00:00",1.0769942998886108,1.0896902084350586,1.0752688646316528,1.0769827365875244,0
"2015-04-03 00:00:00",1.087074637413025,1.1021955013275146,1.0865904092788696,1.0870983600616455,0
"2015-04-06 00:00:00",1.100134253501892,1.103594422340393,1.0968520641326904,1.1001462936401367,0
"2015-04-07 00:00:00",1.0934817790985107,1.095554232597351,1.0837700366973877,1.0934817790985107,0
"2015-04-08 00:00:00",1.0824151039123535,1.088999629020691,1.078950047492981,1.0824971199035645,0
"2015-04-09 00:00:00",1.078527569770813,1.0790047645568848,1.067000150680542,1.0784345865249634,0
"2015-04-10 00:00:00",1.0669056177139282,1.068349838256836,1.0571495294570923,1.0667235851287842,0
"2015-04-13 00:00:00",1.0609854459762573,1.0619995594024658,1.0521597862243652,1.0608278512954712,0
"2015-04-14 00:00:00",1.0572947263717651,1.0706901550292969,1.0532501935958862,1.0574960708618164,0
"2015-04-15 00:00:00",1.0647132396697998,1.0668703317642212,1.0574603080749512,1.0647926330566406,0
"2015-04-16 00:00:00",1.0676802396774292,1.0762397050857544,1.0627998113632202,1.0677144527435303,0
"2015-04-17 00:00:00",1.0755579471588135,1.0846904516220093,1.073509693145752,1.0759977102279663,0
"2015-04-20 00:00:00",1.0810226202011108,1.0818647146224976,1.0716196298599243,1.0810226202011108,0
"2015-04-21 00:00:00",1.0747487545013428,1.076500415802002,1.0661594867706299,1.0748181343078613,0
"2015-04-22 00:00:00",1.074171543121338,1.0799999237060547,1.0710101127624512,1.073825478553772,0
"2015-04-23 00:00:00",1.0725815296173096,1.0818202495574951,1.0671299695968628,1.0725010633468628,0
"2015-04-24 00:00:00",1.0815019607543945,1.0897995233535767,1.078771948814392,1.0815136432647705,0
"2015-04-27 00:00:00",1.086897373199463,1.0904899835586548,1.082390546798706,1.0867438316345215,0
"2015-04-28 00:00:00",1.0877959728240967,1.0988999605178833,1.0861797332763672,1.0877013206481934,0
"2015-04-29 00:00:00",1.096912145614624,1.1175994873046875,1.096059799194336,1.0972130298614502,0
"2015-04-30 00:00:00",1.1114321947097778,1.1247594356536865,1.107299566268921,1.1113210916519165,0
"2015-05-01 00:00:00",1.1214659214019775,1.1289701461791992,1.118599534034729,1.1215037107467651,0
"2015-05-04 00:00:00",1.1185932159423828,1.1223105192184448,1.1124002933502197,1.1190940141677856,0
"2015-05-05 00:00:00",1.1149141788482666,1.1209995746612549,1.1068999767303467,1.1150012016296387,0
"2015-05-06 00:00:00",1.1186307668685913,1.1365302801132202,1.1178054809570312,1.1184431314468384,0
"2015-05-07 00:00:00",1.1341469287872314,1.1390599012374878,1.1238203048706055,1.1339282989501953,0
"2015-05-08 00:00:00",1.1246949434280396,1.1289000511169434,1.1185194253921509,1.1245051622390747,0
"2015-05-11 00:00:00",1.1194071769714355,1.1202975511550903,1.1134605407714844,1.1196954250335693,0
"2015-05-12 00:00:00",1.114441990852356,1.127789855003357,1.113598108291626,1.1146035194396973,0
"2015-05-13 00:00:00",1.1221455335617065,1.1382806301116943,1.1205499172210693,1.1218937635421753,0
"2015-05-14 00:00:00",1.1350480318069458,1.1443794965744019,1.1342240571975708,1.134803295135498,0
"2015-05-15 00:00:00",1.1404979228973389,1.1451002359390259,1.1324695348739624,1.140393853187561,0
"2015-05-18 00:00:00",1.144505262374878,1.1447004079818726,1.1338794231414795,1.1444004774093628,0
"2015-05-19 00:00:00",1.1326183080673218,1.1326183080673218,1.1120996475219727,1.132541298866272,0
"2015-05-20 00:00:00",1.1146656274795532,1.1150758266448975,1.1065741777420044,1.1146780252456665,0
"2015-05-21 00:00:00",1.1100751161575317,1.1180005073547363,1.1085859537124634,1.1103092432022095,0
"2015-05-22 00:00:00",1.1111851930618286,1.1209995746612549,1.1006996631622314,1.1110987663269043,0
"2015-05-25 00:00:00",1.0992997884750366,1.1010003089904785,1.096070647239685,1.0992151498794556,0
"2015-05-26 00:00:00",1.0971167087554932,1.0971288681030273,1.0875203609466553,1.0971288681030273,0
"2015-05-27 00:00:00",1.08888578414917,1.093000054359436,1.0821995735168457,1.0887553691864014,0
"2015-05-28 00:00:00",1.0900014638900757,1.0950000286102295,1.0868797302246094,1.0897995233535767,0
"2015-05-29 00:00:00",1.0960345268249512,1.1003496646881104,1.0929105281829834,1.0957943201065063,0
"2015-06-01 00:00:00",1.0957943201065063,1.0979998111724854,1.0888904333114624,1.095902442932129,0
"2015-06-02 00:00:00",1.0922993421554565,1.116629719734192,1.091941475868225,1.0922753810882568,0
"2015-06-03 00:00:00",1.1150012016296387,1.1283293962478638,1.1086794137954712,1.1148271560668945,0
"2015-06-04 00:00:00",1.1257838010787964,1.1376047134399414,1.1232597827911377,1.126227617263794,0
"2015-06-05 00:00:00",1.120787262916565,1.128020167350769,1.105180025100708,1.121604323387146,0
"2015-06-08 00:00:00",1.1108149290084839,1.1242802143096924,1.1088072061538696,1.1105434894561768,0
"2015-06-09 00:00:00",1.128095269203186,1.1339694261550903,1.1216697692871094,1.1281970739364624,0
"2015-06-10 00:00:00",1.1299052238464355,1.138200283050537,1.1266602277755737,1.1293309926986694,0
"2015-06-11 00:00:00",1.131196141242981,1.132054090499878,1.118879795074463,1.131298542022705,0
"2015-06-12 00:00:00",1.1240627765655518,1.1293296813964844,1.1152499914169312,1.1245051622390747,0
"2015-06-15 00:00:00",1.1219944953918457,1.1258105039596558,1.1191502809524536,1.1217930316925049,0
"2015-06-16 00:00:00",1.1277008056640625,1.133009672164917,1.1211603879928589,1.1277008056640625,0
"2015-06-17 00:00:00",1.124201774597168,1.129110336303711,1.122949481010437,1.1242396831512451,0
"2015-06-18 00:00:00",1.1369967460632324,1.1428401470184326,1.1341005563735962,1.1364152431488037,0
"2015-06-19 00:00:00",1.1370742321014404,1.1387965679168701,1.12959885597229,1.1372941732406616,0
"2015-06-22 00:00:00",1.1372941732406616,1.1410002708435059,1.1316006183624268,1.1362345218658447,0
"2015-06-23 00:00:00",1.13490629196167,1.1346230506896973,1.113770604133606,1.1346230506896973,0
"2015-06-24 00:00:00",1.1172186136245728,1.1239995956420898,1.1162832975387573,1.1177055835723877,0
"2015-06-25 00:00:00",1.1206992864608765,1.1224100589752197,1.1156704425811768,1.1207119226455688,0
"2015-06-26 00:00:00",1.1202975511550903,1.1219995021820068,1.1136304140090942,1.1203854084014893,0
"2015-06-29 00:00:00",1.0975021123886108,1.119740605354309,1.0982975959777832,1.0982975959777832,0
"2015-06-30 00:00:00",1.122296690940857,1.1238796710968018,1.1123000383377075,1.121604323387146,0
"2015-07-01 00:00:00",1.1134989261627197,1.1167594194412231,1.106119990348816,1.1134989261627197,0
"2015-07-02 00:00:00",1.103363037109375,1.1121602058410645,1.1037039756774902,1.1037039756774902,0
"2015-07-03 00:00:00",1.1086965799331665,1.1119993925094604,1.108270287513733,1.108598232269287,0
"2015-07-06 00:00:00",1.0995051860809326,1.1091405153274536,1.0997954607009888,1.0997954607009888,0
"2015-07-07 00:00:00",1.1048991680145264,1.105265498161316,1.0916804075241089,1.1048015356063843,0
"2015-07-08 00:00:00",1.1009942293167114,1.109010100364685,1.0975021123886108,1.1009942293167114,0
"2015-07-09 00:00:00",1.1071009635925293,1.1116199493408203,1.102290391921997,1.1072357892990112,0
"2015-07-10 00:00:00",1.1063048839569092,1.1219995021820068,1.1056197881698608,1.1063048839569092,0
"2015-07-13 00:00:00",1.1129041910171509,1.119759440422058,1.1007699966430664,1.1129041910171509,0
"2015-07-14 00:00:00",1.099045991897583,1.1074001789093018,1.0968496799468994,1.0985147953033447,0
"2015-07-15 00:00:00",1.1008002758026123,1.1040000915527344,1.0936096906661987,1.100897192955017,0
"2015-07-16 00:00:00",1.0943553447723389,1.0950000286102295,1.0859402418136597,1.0938884019851685,0
"2015-07-17 00:00:00",1.0886012315750122,1.0910003185272217,1.0843905210494995,1.0886012315750122,0
"2015-07-20 00:00:00",1.0830246210098267,1.0871999263763428,1.0821573734283447,1.0832945108413696,0
"2015-07-21 00:00:00",1.0835410356521606,1.0940704345703125,1.081270456314087,1.083482265472412,0
"2015-07-22 00:00:00",1.0939961671829224,1.097000002861023,1.0881404876708984,1.093900442123413,0
"2015-07-23 00:00:00",1.0927051305770874,1.1019999980926514,1.0923947095870972,1.0927051305770874,0
"2015-07-24 00:00:00",1.0989010334014893,1.0996019840240479,1.092789888381958,1.0988407135009766,0
"2015-07-27 00:00:00",1.0972371101379395,1.112999439239502,1.0974057912826538,1.0974057912826538,0
"2015-07-28 00:00:00",1.109004020690918,1.1100996732711792,1.1023000478744507,1.1091023683547974,0
"2015-07-29 00:00:00",1.1065986156463623,1.108598232269287,1.1014198064804077,1.106549620628357,0
"2015-07-30 00:00:00",1.098406195640564,1.099000096321106,1.091130018234253,1.0983941555023193,0
"2015-07-31 00:00:00",1.0939244031906128,1.1110296249389648,1.0923899412155151,1.0941756963729858,0
"2015-08-03 00:00:00",1.0969001054763794,1.09954035282135,1.0943995714187622,1.0969001054763794,0
"2015-08-04 00:00:00",1.09560227394104,1.0995995998382568,1.0933502912521362,1.0953983068466187,0
"2015-08-05 00:00:00",1.0888975858688354,1.0918794870376587,1.0850305557250977,1.0886012315750122,0
"2015-08-06 00:00:00",1.0903104543685913,1.093460202217102,1.0877498388290405,1.0904054641723633,0
"2015-08-07 00:00:00",1.0927051305770874,1.0968605279922485,1.0859096050262451,1.0922038555145264,0
"2015-08-10 00:00:00",1.0965032577514648,1.0999999046325684,1.0927098989486694,1.095902442932129,0
"2015-08-11 00:00:00",1.1016976833343506,1.108589768409729,1.0961499214172363,1.1017948389053345,0
"2015-08-12 00:00:00",1.104203701019287,1.1210297346115112,1.103302240371704,1.1043744087219238,0
"2015-08-13 00:00:00",1.1160963773727417,1.1189061403274536,1.1081806421279907,1.1155858039855957,0
"2015-08-14 00:00:00",1.1160963773727417,1.1190000772476196,1.110109567642212,1.1158970594406128,0
"2015-08-17 00:00:00",1.1092993021011353,1.112599492073059,1.1062498092651367,1.1094961166381836,0
"2015-08-18 00:00:00",1.107800006866455,1.1099998950958252,1.102189540863037,1.107714056968689,0
"2015-08-19 00:00:00",1.1030831336975098,1.1080001592636108,1.1020400524139404,1.103095293045044,0
"2015-08-20 00:00:00",1.1118029356002808,1.1219995021820068,1.110839605331421,1.1120007038116455,0
"2015-08-21 00:00:00",1.1236965656280518,1.1369102001190186,1.123204231262207,1.1235954761505127,0
"2015-08-24 00:00:00",1.1376951932907104,1.1705996990203857,1.1372941732406616,1.13779878616333,0
"2015-08-25 00:00:00",1.1583056449890137,1.1589996814727783,1.140029788017273,1.1582385301589966,0
"2015-08-26 00:00:00",1.1550945043563843,1.1558955907821655,1.135500431060791,1.1554815769195557,0
"2015-08-27 00:00:00",1.1340054273605347,1.1361596584320068,1.1211603879928589,1.1339540481567383,0
"2015-08-28 00:00:00",1.1247961521148682,1.1310003995895386,1.1156704425811768,1.1245051622390747,0
"2015-08-31 00:00:00",1.1214030981063843,1.126400113105774,1.1185895204544067,1.121176838874817,0
"2015-09-01 00:00:00",1.1225864887237549,1.1332305669784546,1.122536063194275,1.1225990056991577,0
"2015-09-02 00:00:00",1.1293437480926514,1.1299996376037598,1.1222903728485107,1.1296244859695435,0
"2015-09-03 00:00:00",1.121604323387146,1.1249998807907104,1.1089695692062378,1.1215037107467651,0
"2015-09-04 00:00:00",1.1125946044921875,1.1160004138946533,1.109460473060608,1.1125946044921875,0
"2015-09-07 00:00:00",1.115200161933899,1.1180005073547363,1.1124200820922852,1.1158970594406128,0
"2015-09-08 00:00:00",1.1163954734802246,1.122999906539917,1.1153706312179565,1.1158970594406128,0
"2015-09-09 00:00:00",1.1207369565963745,1.1209995746612549,1.1133204698562622,1.1207997798919678,0
"2015-09-10 00:00:00",1.1220699548721313,1.1279997825622559,1.1174894571304321,1.1219441890716553,0
"2015-09-11 00:00:00",1.1290887594223022,1.1342202425003052,1.125579833984375,1.1282861232757568,0
"2015-09-14 00:00:00",1.1344043016433716,1.1372101306915283,1.128770112991333,1.1344043016433716,0
"2015-09-15 00:00:00",1.1307612657546997,1.1330032348632812,1.1259803771972656,1.1310937404632568,0
"2015-09-16 00:00:00",1.1271796226501465,1.1311602592468262,1.1214998960494995,1.1272940635681152,0
"2015-09-17 00:00:00",1.12920343875885,1.134000301361084,1.1287955045700073,1.129394769668579,0
"2015-09-18 00:00:00",1.1400948762893677,1.1460003852844238,1.1351704597473145,1.1406019926071167,0
"2015-09-21 00:00:00",1.12920343875885,1.1329994201660156,1.118390679359436,1.1293054819107056,0
"2015-09-22 00:00:00",1.1190940141677856,1.1209995746612549,1.1130800247192383,1.1190940141677856,0
"2015-09-23 00:00:00",1.1120749711990356,1.1190601587295532,1.110679268836975,1.1121985912322998,0
"2015-09-24 00:00:00",1.1189937591552734,1.1296104192733765,1.1166696548461914,1.118806004524231,0
"2015-09-25 00:00:00",1.1178929805755615,1.1204394102096558,1.1118301153182983,1.1181179285049438,0
"2015-09-28 00:00:00",1.1201720237731934,1.1241399049758911,1.1152101755142212,1.120046615600586,0
"2015-09-29 00:00:00",1.123103380203247,1.1280303001403809,1.1194798946380615,1.1233556270599365,0
"2015-09-30 00:00:00",1.1255937814712524,1.1262022256851196,1.115799903869629,1.1254037618637085,0
"2015-10-01 00:00:00",1.11720609664917,1.1209995746612549,1.1138957738876343,1.1171561479568481,0
"2015-10-02 00:00:00",1.1193444728851318,1.1315301656723022,1.115180253982544,1.119494915008545,0
"2015-10-05 00:00:00",1.1226998567581177,1.1287994384765625,1.1196954250335693,1.1221455335617065,0
"2015-10-06 00:00:00",1.1195199489593506,1.1279997825622559,1.1176055669784546,1.119795799255371,0
"2015-10-07 00:00:00",1.1267986297607422,1.128426194190979,1.1214194297790527,1.1272940635681152,0
"2015-10-08 00:00:00",1.1239995956420898,1.1313101053237915,1.123974323272705,1.124201774597168,0
"2015-10-09 00:00:00",1.1286935806274414,1.137869954109192,1.1270017623901367,1.128604531288147,0
"2015-10-12 00:00:00",1.1369967460632324,1.1399999856948853,1.135839581489563,1.1369062662124634,0
"2015-10-13 00:00:00",1.135550618171692,1.1410002708435059,1.1347002983093262,1.1353960037231445,0
"2015-10-14 00:00:00",1.138498306274414,1.1450005769729614,1.138511300086975,1.138511300086975,0
"2015-10-15 00:00:00",1.147552251815796,1.1494200229644775,1.1365302801132202,1.1474995613098145,0
"2015-10-16 00:00:00",1.1368157863616943,1.1399999856948853,1.1339398622512817,1.1366994380950928,0
"2015-10-19 00:00:00",1.1361054182052612,1.1379995346069336,1.1308494806289673,1.1360021829605103,0
"2015-10-20 00:00:00",1.132900595664978,1.1390001773834229,1.1325798034667969,1.1331958770751953,0
"2015-10-21 00:00:00",1.1353960037231445,1.1378000974655151,1.13379967212677,1.1356022357940674,0
"2015-10-22 00:00:00",1.134803295135498,1.1352026462554932,1.113800287246704,1.1347002983093262,0
"2015-10-23 00:00:00",1.108094573020935,1.1140943765640259,1.1011033058166504,1.1084016561508179,0
"2015-10-26 00:00:00",1.1020376682281494,1.1060001850128174,1.1006003618240356,1.1020376682281494,0
"2015-10-27 00:00:00",1.1065986156463623,1.107800006866455,1.1031999588012695,1.106096863746643,0
"2015-10-28 00:00:00",1.1037039756774902,1.1099998950958252,1.1027060747146606,1.103594422340393,0
"2015-10-29 00:00:00",1.0928961038589478,1.0981999635696411,1.0910003185272217,1.0925976037979126,0
"2015-10-30 00:00:00",1.0993843078613281,1.107200264930725,1.0969964265823364,1.099203109741211,0
"2015-11-02 00:00:00",1.102596640586853,1.1060001850128174,1.1004005670547485,1.1024993658065796,0
"2015-11-03 00:00:00",1.1016006469726562,1.1031999588012695,1.0937999486923218,1.1016976833343506,0
"2015-11-04 00:00:00",1.0963950157165527,1.0966956615447998,1.084799885749817,1.0965032577514648,0
"2015-11-05 00:00:00",1.0868029594421387,1.0900002717971802,1.0837054252624512,1.0866022109985352,0
"2015-11-06 00:00:00",1.0883997678756714,1.0895025730133057,1.0711684226989746,1.0884946584701538,0
"2015-11-09 00:00:00",1.0733413696289062,1.0790001153945923,1.072995901107788,1.0732377767562866,0
"2015-11-10 00:00:00",1.0759514570236206,1.0762755870819092,1.0676004886627197,1.0759745836257935,0
"2015-11-11 00:00:00",1.0737563371658325,1.0772960186004639,1.0708003044128418,1.0738024711608887,0
"2015-11-12 00:00:00",1.0762988328933716,1.0799999237060547,1.0693997144699097,1.0764957666397095,0
"2015-11-13 00:00:00",1.0815019607543945,1.0811045169830322,1.072199821472168,1.080894112586975,0
"2015-11-16 00:00:00",1.06999933719635,1.0759999752044678,1.070102334022522,1.070102334022522,0
"2015-11-17 00:00:00",1.068798542022705,1.069198489189148,1.064400553703308,1.0689013004302979,0
"2015-11-18 00:00:00",1.0643846988677979,1.0691996812820435,1.063230276107788,1.0643960237503052,0
"2015-11-19 00:00:00",1.066996693611145,1.0734001398086548,1.067000150680542,1.0673041343688965,0
"2015-11-20 00:00:00",1.0726161003112793,1.0730005502700806,1.0664005279541016,1.0726966857910156,0
"2015-11-23 00:00:00",1.0641014575958252,1.0653995275497437,1.0602991580963135,1.0639996528625488,0
"2015-11-24 00:00:00",1.0642033815383911,1.0672005414962769,1.0623831748962402,1.063897728919983,0
"2015-11-25 00:00:00",1.0643846988677979,1.0689996480941772,1.0576001405715942,1.0643960237503052,0
"2015-11-26 00:00:00",1.0624960660934448,1.0629997253417969,1.0602003335952759,1.0624960660934448,0
"2015-11-27 00:00:00",1.0604453086853027,1.06380033493042,1.0569998025894165,1.0604453086853027,0
"2015-11-30 00:00:00",1.0583018064498901,1.0597037076950073,1.056400179862976,1.0583018064498901,0
"2015-12-01 00:00:00",1.0572947263717651,1.0639996528625488,1.056602120399475,1.0572947263717651,0
"2015-12-02 00:00:00",1.0625863075256348,1.0639996528625488,1.0562005043029785,1.062699317932129,0
"2015-12-03 00:00:00",1.0613007545471191,1.0892000198364258,1.0541995763778687,1.0611993074417114,0
"2015-12-04 00:00:00",1.0915957689285278,1.0951943397521973,1.0857999324798584,1.0918341875076294,0
"2015-12-07 00:00:00",1.0883997678756714,1.0883049964904785,1.0798004865646362,1.0883049964904785,0
"2015-12-08 00:00:00",1.0834001302719116,1.0900002717971802,1.0831419229507446,1.0835996866226196,0
"2015-12-09 00:00:00",1.0893957614898682,1.099000096321106,1.0881984233856201,1.0895025730133057,0
"2015-12-10 00:00:00",1.1017948389053345,1.1023049354553223,1.092799425125122,1.1016976833343506,0
"2015-12-11 00:00:00",1.0948106050491333,1.1030004024505615,1.0928006172180176,1.0947985649108887,0
"2015-12-14 00:00:00",1.0983941555023193,1.1040000915527344,1.0947027206420898,1.098997712135315,0
"2015-12-15 00:00:00",1.0992997884750366,1.107000470161438,1.0922002792358398,1.0992271900177002,0
"2015-12-16 00:00:00",1.0936251878738403,1.0958002805709839,1.0913218259811401,1.0936013460159302,0
"2015-12-17 00:00:00",1.087453007698059,1.0888975858688354,1.0833531618118286,1.0874056816101074,0
"2015-12-18 00:00:00",1.0844104290008545,1.0870002508163452,1.0805997848510742,1.0843987464904785,0
"2015-12-21 00:00:00",1.0869920253753662,1.091999888420105,1.0852001905441284,1.0870156288146973,0
"2015-12-22 00:00:00",1.09129798412323,1.0984002351760864,1.0905005931854248,1.091202735900879,0
"2015-12-23 00:00:00",1.0950024127960205,1.095494270324707,1.0884946584701538,1.0950024127960205,0
"2015-12-24 00:00:00",1.0909169912338257,1.0966956615447998,1.0910003185272217,1.0910003185272217,0
"2015-12-25 00:00:00",1.0969964265823364,1.0975021123886108,1.0947027206420898,1.0965152978897095,0
"2015-12-28 00:00:00",1.0965994596481323,1.0999999046325684,1.0958002805709839,1.0965994596481323,0
"2015-12-29 00:00:00",1.0975261926651,1.0999999046325684,1.0910003185272217,1.0976948738098145,0
"2015-12-30 00:00:00",1.0928006172180176,1.0950000286102295,1.0910003185272217,1.0928006172180176,0
"2015-12-31 00:00:00",1.093398094177246,1.093900442123413,1.0865998268127441,1.0938047170639038,0
"2016-01-01 00:00:00",1.0859060287475586,1.0866966247558594,1.0859060287475586,1.0859060287475586,0
"2016-01-04 00:00:00",1.0853991508483887,1.094599723815918,1.0805997848510742,1.0855052471160889,0
"2016-01-05 00:00:00",1.0827549695968628,1.0841047763824463,1.0712006092071533,1.082602620124817,0
"2016-01-06 00:00:00",1.0751993656158447,1.0772031545639038,1.072199821472168,1.0751993656158447,0
"2016-01-07 00:00:00",1.0778998136520386,1.0875996351242065,1.0774004459381104,1.0777952671051025,0
"2016-01-08 00:00:00",1.0925976037979126,1.0928961038589478,1.0808006525039673,1.0927051305770874,0
"2016-01-11 00:00:00",1.0941038131713867,1.0945948362350464,1.0852001905441284,1.093900442123413,0
"2016-01-12 00:00:00",1.0857999324798584,1.0901999473571777,1.082399845123291,1.085894227027893,0
"2016-01-13 00:00:00",1.0843987464904785,1.0883997678756714,1.0805997848510742,1.0843987464904785,0
"2016-01-14 00:00:00",1.0886012315750122,1.0950000286102295,1.0839990377426147,1.0888028144836426,0
"2016-01-15 00:00:00",1.085894227027893,1.0981999635696411,1.0857763290405273,1.0857763290405273,0
"2016-01-18 00:00:00",1.0920010805130005,1.0927051305770874,1.0875996351242065,1.0919057130813599,0
"2016-01-19 00:00:00",1.0895025730133057,1.0910003185272217,1.0861997604370117,1.0895025730133057,0
"2016-01-20 00:00:00",1.09129798412323,1.0975996255874634,1.0892889499664307,1.0911551713943481,0
"2016-01-21 00:00:00",1.0877013206481934,1.0922002792358398,1.0781996250152588,1.0877013206481934,0
"2016-01-22 00:00:00",1.0862009525299072,1.0864002704620361,1.0795987844467163,1.0860947370529175,0
"2016-01-25 00:00:00",1.079901933670044,1.0850000381469727,1.079202651977539,1.079901933670044,0
"2016-01-26 00:00:00",1.0853049755096436,1.0879995822906494,1.082000494003296,1.0853756666183472,0
"2016-01-27 00:00:00",1.0864958763122559,1.091200351715088,1.0853049755096436,1.0864014625549316,0
"2016-01-28 00:00:00",1.090798020362854,1.0950000286102295,1.0870002508163452,1.0904054641723633,0
"2016-01-29 00:00:00",1.0936970710754395,1.0947147607803345,1.082000494003296,1.0936970710754395,0
"2016-02-01 00:00:00",1.0825908184051514,1.091200351715088,1.0826259851455688,1.0826259851455688,0
"2016-02-02 00:00:00",1.0897282361984253,1.0939997434616089,1.0895264148712158,1.0898945331573486,0
"2016-02-03 00:00:00",1.0922038555145264,1.107800006866455,1.0906004905700684,1.0922038555145264,0
"2016-02-04 00:00:00",1.1091023683547974,1.1238000392913818,1.107200264930725,1.1092008352279663,0
"2016-02-05 00:00:00",1.119996428489685,1.1217050552368164,1.1110000610351562,1.119996428489685,0
"2016-02-08 00:00:00",1.114504098892212,1.1190000772476196,1.108799934387207,1.1147029399871826,0
"2016-02-09 00:00:00",1.1189812421798706,1.1313996315002441,1.1164003610610962,1.1190940141677856,0
"2016-02-10 00:00:00",1.1289994716644287,1.1309019327163696,1.1166322231292725,1.1289994716644287,0
"2016-02-11 00:00:00",1.128095269203186,1.1368002891540527,1.1276004314422607,1.1284006834030151,0
"2016-02-12 00:00:00",1.1317979097366333,1.133375644683838,1.122999906539917,1.131733775138855,0
"2016-02-15 00:00:00",1.1225990056991577,1.1239490509033203,1.112999439239502,1.1225990056991577,0
"2016-02-16 00:00:00",1.1174057722091675,1.1192004680633545,1.112999439239502,1.117817997932434,0
"2016-02-17 00:00:00",1.1147029399871826,1.1180005073547363,1.1108001470565796,1.1146035194396973,0
"2016-02-18 00:00:00",1.112297534942627,1.115200161933899,1.1074001789093018,1.1121985912322998,0
"2016-02-19 00:00:00",1.1110987663269043,1.1150000095367432,1.1067994832992554,1.1110000610351562,0
"2016-02-22 00:00:00",1.1123965978622437,1.1124955415725708,1.1006003618240356,1.1123965978622437,0
"2016-02-23 00:00:00",1.102803349494934,1.1051994562149048,1.0991994142532349,1.1027060747146606,0
"2016-02-24 00:00:00",1.1027060747146606,1.1040000915527344,1.0959985256195068,1.1024993658065796,0
"2016-02-25 00:00:00",1.1013944149017334,1.105000376701355,1.0991994142532349,1.1014914512634277,0
"2016-02-26 00:00:00",1.1024993658065796,1.107000470161438,1.0926001071929932,1.1024993658065796,0
"2016-02-29 00:00:00",1.0923947095870972,1.0962003469467163,1.0864002704620361,1.0925976037979126,0
"2016-03-01 00:00:00",1.0888975858688354,1.0894005298614502,1.0838005542755127,1.0886961221694946,0
"2016-03-02 00:00:00",1.0875948667526245,1.0879995822906494,1.0826002359390259,1.0877013206481934,0
"2016-03-03 00:00:00",1.086897373199463,1.0937999486923218,1.0855995416641235,1.0870037078857422,0
"2016-03-04 00:00:00",1.094894528388977,1.1040000915527344,1.090800404548645,1.0947985649108887,0
"2016-03-07 00:00:00",1.0993964672088623,1.0999042987823486,1.0941996574401855,1.0993964672088623,0
"2016-03-08 00:00:00",1.1016006469726562,1.1060001850128174,1.1006003618240356,1.1013944149017334,0
"2016-03-09 00:00:00",1.1004005670547485,1.1015156507492065,1.0947985649108887,1.1001946926116943,0
"2016-03-10 00:00:00",1.0989010334014893,1.1160004138946533,1.0827666521072388,1.0986958742141724,0
"2016-03-11 00:00:00",1.1178430318832397,1.12100088596344,1.1083770990371704,1.1179054975509644,0
"2016-03-14 00:00:00",1.1167943477630615,1.1168005466461182,1.1095995903015137,1.1162956953048706,0
"2016-03-15 00:00:00",1.1101982593536377,1.112999439239502,1.1074001789093018,1.1101982593536377,0
"2016-03-16 00:00:00",1.1109012365341187,1.1110987663269043,1.1057995557785034,1.1110000610351562,0
"2016-03-17 00:00:00",1.1218937635421753,1.1344043016433716,1.1207997798919678,1.1217050552368164,0
"2016-03-18 00:00:00",1.1317979097366333,1.1339025497436523,1.1258002519607544,1.1315417289733887,0
"2016-03-21 00:00:00",1.1279042959213257,1.1289994716644287,1.1238000392913818,1.1275991201400757,0
"2016-03-22 00:00:00",1.1235954761505127,1.126199722290039,1.1191942691802979,1.1236965656280518,0
"2016-03-23 00:00:00",1.122296690940857,1.122296690940857,1.1165997982025146,1.122296690940857,0
"2016-03-24 00:00:00",1.118105411529541,1.1190000772476196,1.1149640083312988,1.1182055473327637,0
"2016-03-25 00:00:00",1.1167943477630615,1.1177055835723877,1.1156729459762573,1.1166945695877075,0
"2016-03-28 00:00:00",1.1159967184066772,1.1218056678771973,1.115536093711853,1.1159967184066772,0
"2016-03-29 00:00:00",1.1202723979949951,1.122399926185608,1.1170001029968262,1.1200968027114868,0
"2016-03-30 00:00:00",1.12920343875885,1.1361995935440063,1.1287955045700073,1.1290122270584106,0
"2016-03-31 00:00:00",1.1334655284881592,1.1410002708435059,1.1311999559402466,1.1334012746810913,0
"2016-04-01 00:00:00",1.1379671096801758,1.1437996625900269,1.1341983079910278,1.1379023790359497,0
"2016-04-04 00:00:00",1.1390039920806885,1.1412007808685303,1.1359995603561401,1.1397050619125366,0
"2016-04-05 00:00:00",1.1389002799987793,1.140706181526184,1.134000301361084,1.1387057304382324,0
"2016-04-06 00:00:00",1.138200283050537,1.142799735069275,1.133144497871399,1.138096570968628,0
"2016-04-07 00:00:00",1.1404979228973389,1.145304799079895,1.134000301361084,1.1399649381637573,0
"2016-04-08 00:00:00",1.1373976469039917,1.14199960231781,1.1350003480911255,1.1369062662124634,0
"2016-04-11 00:00:00",1.1403028964996338,1.1450005769729614,1.1374363899230957,1.140706181526184,0
"2016-04-12 00:00:00",1.141291856765747,1.1463998556137085,1.1353057622909546,1.1412137746810913,0
"2016-04-13 00:00:00",1.138498306274414,1.1393024921417236,1.1273995637893677,1.1386020183563232,0
"2016-04-14 00:00:00",1.1279042959213257,1.1293998956680298,1.1236006021499634,1.128006100654602,0
"2016-04-15 00:00:00",1.1270017623901367,1.1318004131317139,1.124758243560791,1.1265066862106323,0
"2016-04-18 00:00:00",1.1299946308135986,1.133199691772461,1.1274974346160889,1.130096673965454,0
"2016-04-19 00:00:00",1.1309019327163696,1.1386020183563232,1.1305055618286133,1.1310042142868042,0
"2016-04-20 00:00:00",1.1359634399414062,1.1385993957519531,1.1322002410888672,1.1358860731124878,0
"2016-04-21 00:00:00",1.1305055618286133,1.1393998861312866,1.1278001070022583,1.1305055618286133,0
"2016-04-22 00:00:00",1.12920343875885,1.1309019327163696,1.1239995956420898,1.1293054819107056,0
"2016-04-25 00:00:00",1.123406171798706,1.1279042959213257,1.1226998567581177,1.1233052015304565,0
"2016-04-26 00:00:00",1.1269001960754395,1.1339025497436523,1.1257964372634888,1.1266716718673706,0
"2016-04-27 00:00:00",1.1299052238464355,1.134000301361084,1.1291996240615845,1.1298030614852905,0
"2016-04-28 00:00:00",1.132900595664978,1.1366000175476074,1.1299052238464355,1.1327978372573853,0
"2016-04-29 00:00:00",1.135589361190796,1.1460003852844238,1.1357957124710083,1.1357957124710083,0
"2016-05-02 00:00:00",1.146302580833435,1.15280020236969,1.1450163125991821,1.1461974382400513,0
"2016-05-03 00:00:00",1.1524986028671265,1.1613997220993042,1.1503998041152954,1.1526048183441162,0
"2016-05-04 00:00:00",1.1504037380218506,1.15280020236969,1.146999478340149,1.150244951248169,0
"2016-05-05 00:00:00",1.1493064165115356,1.1495997905731201,1.1390001773834229,1.1491215229034424,0
"2016-05-06 00:00:00",1.1406019926071167,1.1471836566925049,1.1393284797668457,1.140198826789856,0
"2016-05-09 00:00:00",1.1387965679168701,1.142999529838562,1.1375994682312012,1.1387965679168701,0
"2016-05-10 00:00:00",1.1387965679168701,1.1405993700027466,1.1361995935440063,1.1383687257766724,0
"2016-05-11 00:00:00",1.1374363899230957,1.1445995569229126,1.1373976469039917,1.1375011205673218,0
"2016-05-12 00:00:00",1.142700433731079,1.143105387687683,1.1379995346069336,1.1425960063934326,0
"2016-05-13 00:00:00",1.1376951932907104,1.1380059719085693,1.1283994913101196,1.1375269889831543,0
"2016-05-16 00:00:00",1.1316953897476196,1.1344043016433716,1.1305439472198486,1.1316953897476196,0
"2016-05-17 00:00:00",1.1316057443618774,1.1347993612289429,1.130399465560913,1.1316057443618774,0
"2016-05-18 00:00:00",1.1316057443618774,1.1316953897476196,1.1259993314743042,1.1313753128051758,0
"2016-05-19 00:00:00",1.122296690940857,1.123103380203247,1.118200421333313,1.1221959590911865,0
"2016-05-20 00:00:00",1.1205987930297852,1.1239995956420898,1.1198960542678833,1.1201595067977905,0
"2016-05-23 00:00:00",1.1221708059310913,1.1243029832839966,1.1190000772476196,1.1220952272415161,0
"2016-05-24 00:00:00",1.121604323387146,1.122999906539917,1.1145998239517212,1.1217050552368164,0
"2016-05-25 00:00:00",1.113796591758728,1.1171000003814697,1.112999439239502,1.1136974096298218,0
"2016-05-26 00:00:00",1.1158970594406128,1.1219995021820068,1.1156978607177734,1.1156978607177734,0
"2016-05-27 00:00:00",1.1192066669464111,1.1201996803283691,1.112599492073059,1.1192944049835205,0
"2016-05-30 00:00:00",1.1110000610351562,1.1150000095367432,1.1100010871887207,1.1110987663269043,0
"2016-05-31 00:00:00",1.1148396730422974,1.1175994873046875,1.1121997833251953,1.1150012016296387,0
"2016-06-01 00:00:00",1.113598108291626,1.1190000772476196,1.1117039918899536,1.113598108291626,0
"2016-06-02 00:00:00",1.1189061403274536,1.1219995021820068,1.1150000095367432,1.1192944049835205,0
"2016-06-03 00:00:00",1.115200161933899,1.1350003480911255,1.113800287246704,1.1153992414474487,0
"2016-06-06 00:00:00",1.1350995302200317,1.1379995346069336,1.1333242654800415,1.1350995302200317,0
"2016-06-07 00:00:00",1.1364023685455322,1.1379995346069336,1.1340054273605347,1.1364669799804688,0
"2016-06-08 00:00:00",1.1357828378677368,1.14199960231781,1.1356538534164429,1.1356538534164429,0
"2016-06-09 00:00:00",1.140706181526184,1.1416958570480347,1.130799651145935,1.1406019926071167,0
"2016-06-10 00:00:00",1.1315033435821533,1.1324002742767334,1.1273995637893677,1.131196141242981,0
"2016-06-13 00:00:00",1.1239995956420898,1.1302001476287842,1.1236965656280518,1.1241008043289185,0
"2016-06-14 00:00:00",1.1291015148162842,1.1299946308135986,1.1190000772476196,1.1287955045700073,0
"2016-06-15 00:00:00",1.1213024854660034,1.1260005235671997,1.1190940141677856,1.1213024854660034,0
"2016-06-16 00:00:00",1.1262656450271606,1.1299996376037598,1.1132001876831055,1.1261261701583862,0
"2016-06-17 00:00:00",1.1252011060714722,1.129600167274475,1.1226003170013428,1.1270017623901367,0
"2016-06-20 00:00:00",1.13490629196167,1.1383998394012451,1.130799651145935,1.13490629196167,0
"2016-06-21 00:00:00",1.1322976350784302,1.1350003480911255,1.12440025806427,1.1322848796844482,0
"2016-06-22 00:00:00",1.1250618696212769,1.1335041522979736,1.1237596273422241,1.1252011060714722,0
"2016-06-23 00:00:00",1.1328235864639282,1.1422044038772583,1.1320003271102905,1.1327978372573853,0
"2016-06-24 00:00:00",1.1324002742767334,1.1335169076919556,1.0919057130813599,1.1330032348632812,0
"2016-06-27 00:00:00",1.103594422340393,1.1081929206848145,1.0973997116088867,1.10349702835083,0
"2016-06-28 00:00:00",1.1015034914016724,1.1110000610351562,1.1016006469726562,1.1016006469726562,0
"2016-06-29 00:00:00",1.1073951721191406,1.1128050088882446,1.10515558719635,1.107800006866455,0
"2016-06-30 00:00:00",1.1128050088882446,1.1154004335403442,1.1053999662399292,1.1125946044921875,0
"2016-07-01 00:00:00",1.1106051206588745,1.1170001029968262,1.1074001789093018,1.1103708744049072,0
"2016-07-04 00:00:00",1.1131023168563843,1.1150000095367432,1.1099998950958252,1.1131023168563843,0
"2016-07-05 00:00:00",1.1146035194396973,1.1180005073547363,1.1075999736785889,1.1145538091659546,0
"2016-07-06 00:00:00",1.1065007448196411,1.109000325202942,1.103399634361267,1.106439471244812,0
"2016-07-07 00:00:00",1.1099025011062622,1.1108001470565796,1.1057995557785034,1.1100010871887207,0
"2016-07-08 00:00:00",1.1065741777420044,1.1108001470565796,1.1010003089904785,1.1065007448196411,0
"2016-07-11 00:00:00",1.1043988466262817,1.107200264930725,1.1019999980926514,1.1047039031982422,0
"2016-07-12 00:00:00",1.1058032512664795,1.1124002933502197,1.1053999662399292,1.1058032512664795,0
"2016-07-13 00:00:00",1.1062926054000854,1.1119993925094604,1.1044000387191772,1.1060723066329956,0
"2016-07-14 00:00:00",1.1094961166381836,1.1170001029968262,1.1091995239257812,1.109594702720642,0
"2016-07-15 00:00:00",1.1106051206588745,1.115700364112854,1.1058766841888428,1.1106421947479248,0
"2016-07-18 00:00:00",1.1053143739700317,1.109000325202942,1.1038258075714111,1.105534315109253,0
"2016-07-19 00:00:00",1.1071866750717163,1.1080701351165771,1.100199580192566,1.107137680053711,0
"2016-07-20 00:00:00",1.1013579368591309,1.1030004024505615,1.0984002351760864,1.1014549732208252,0
"2016-07-21 00:00:00",1.1019526720046997,1.1057995557785034,1.0986005067825317,1.1017341613769531,0
"2016-07-22 00:00:00",1.1032899618148804,1.1040000915527344,1.0968003273010254,1.1033143997192383,0
"2016-07-25 00:00:00",1.097044587135315,1.0998003482818604,1.0953621864318848,1.0969241857528687,0
"2016-07-26 00:00:00",1.0991184711456299,1.1023997068405151,1.0979998111724854,1.0989856719970703,0
"2016-07-27 00:00:00",1.0987803936004639,1.1010003089904785,1.0982855558395386,1.0988044738769531,0
"2016-07-28 00:00:00",1.1073460578918457,1.1119993925094604,1.1060845851898193,1.1068191528320312,0
"2016-07-29 00:00:00",1.108438491821289,1.1196001768112183,1.1074001789093018,1.1083648204803467,0
"2016-08-01 00:00:00",1.1168068647384644,1.1184005737304688,1.115599513053894,1.1167818307876587,0
"2016-08-02 00:00:00",1.1168068647384644,1.1232004165649414,1.1163579225540161,1.1167070865631104,0
"2016-08-03 00:00:00",1.1219062805175781,1.1219995021820068,1.1164003610610962,1.1218559741973877,0
"2016-08-04 00:00:00",1.1151504516601562,1.1155610084533691,1.1117781400680542,1.1152374744415283,0
"2016-08-05 00:00:00",1.1134741306304932,1.116146206855774,1.1049113273620605,1.1134493350982666,0
"2016-08-08 00:00:00",1.1089547872543335,1.110600233078003,1.1073706150054932,1.1087703704833984,0
"2016-08-09 00:00:00",1.1083648204803467,1.1121997833251953,1.107200264930725,1.1086843013763428,0
"2016-08-10 00:00:00",1.111580491065979,1.1200001239776611,1.111815333366394,1.111815333366394,0
"2016-08-11 00:00:00",1.1186434030532837,1.1190940141677856,1.113800287246704,1.1186057329177856,0
"2016-08-12 00:00:00",1.113908290863037,1.1219995021820068,1.1132633686065674,1.1138957738876343,0
"2016-08-15 00:00:00",1.1166945695877075,1.1205737590789795,1.1155484914779663,1.1166945695877075,0
"2016-08-16 00:00:00",1.1184055805206299,1.13237464427948,1.1179429292678833,1.1184431314468384,0
"2016-08-17 00:00:00",1.1275991201400757,1.129433035850525,1.1256000995635986,1.1279042959213257,0
"2016-08-18 00:00:00",1.1298924684524536,1.1340440511703491,1.129611611366272,1.1301988363265991,0
"2016-08-19 00:00:00",1.1349449157714844,1.1352026462554932,1.130600094795227,1.1349449157714844,0
"2016-08-22 00:00:00",1.1298158168792725,1.1332728862762451,1.1273956298828125,1.1300712823867798,0
"2016-08-23 00:00:00",1.1319260597229004,1.1357183456420898,1.1310003995895386,1.131861925125122,0
"2016-08-24 00:00:00",1.1300839185714722,1.1313496828079224,1.1246000528335571,1.1303266286849976,0
"2016-08-25 00:00:00",1.1263798475265503,1.1299996376037598,1.1260627508163452,1.1262530088424683,0
"2016-08-26 00:00:00",1.1290504932403564,1.1340440511703491,1.1234692335128784,1.1289230585098267,0
"2016-08-29 00:00:00",1.1199462413787842,1.12100088596344,1.116071343421936,1.1196954250335693,0
"2016-08-30 00:00:00",1.1192818880081177,1.1191942691802979,1.1140000820159912,1.1191942691802979,0
"2016-08-31 00:00:00",1.1153244972229004,1.1164453029632568,1.1125946044921875,1.1150758266448975,0
"2016-09-01 00:00:00",1.116071343421936,1.1200001239776611,1.112999439239502,1.1158223152160645,0
"2016-09-02 00:00:00",1.1200717687606812,1.125112533569336,1.1154004335403442,1.1200717687606812,0
"2016-09-05 00:00:00",1.1161960363388062,1.1184431314468384,1.1141316890716553,1.116071343421936,0
"2016-09-06 00:00:00",1.1153244972229004,1.1253999471664429,1.1144545078277588,1.115200161933899,0
"2016-09-07 00:00:00",1.1253657341003418,1.1265066862106323,1.1232799291610718,1.1248594522476196,0
"2016-09-08 00:00:00",1.1241008043289185,1.1329994201660156,1.1238480806350708,1.1241008043289185,0
"2016-09-09 00:00:00",1.1271415948867798,1.128668189048767,1.1206001043319702,1.126887559890747,0
"2016-09-12 00:00:00",1.1241133213043213,1.1262530088424683,1.1214659214019775,1.1241008043289185,0
"2016-09-13 00:00:00",1.1243535280227661,1.1260005235671997,1.1219995021820068,1.1241259574890137,0
"2016-09-14 00:00:00",1.12186861038208,1.1275228261947632,1.1214534044265747,1.121956706047058,0
"2016-09-15 00:00:00",1.1247328519821167,1.1281588077545166,1.1220952272415161,1.1245431900024414,0
"2016-09-16 00:00:00",1.124593734741211,1.124985933303833,1.115599513053894,1.1247961521148682,0
"2016-09-19 00:00:00",1.1158473491668701,1.1209995746612549,1.1153992414474487,1.116071343421936,0
"2016-09-20 00:00:00",1.118067979812622,1.1213276386260986,1.1165997982025146,1.1179429292678833,0
"2016-09-21 00:00:00",1.1153992414474487,1.1169440746307373,1.112599492073059,1.1155734062194824,0
"2016-09-22 00:00:00",1.1193194389343262,1.1258726119995117,1.1182055473327637,1.1193194389343262,0
"2016-09-23 00:00:00",1.1210134029388428,1.122999906539917,1.1196001768112183,1.1209505796432495,0
"2016-09-26 00:00:00",1.123923897743225,1.1279042959213257,1.1221996545791626,1.123974323272705,0
"2016-09-27 00:00:00",1.124985933303833,1.1260005235671997,1.1193996667861938,1.1250745058059692,0
"2016-09-28 00:00:00",1.121956706047058,1.123721718788147,1.1184005737304688,1.1218308210372925,0
"2016-09-29 00:00:00",1.1224982738494873,1.1249998807907104,1.1199462413787842,1.1224603652954102,0
"2016-09-30 00:00:00",1.121956706047058,1.1249998807907104,1.1154004335403442,1.1222084760665894,0
"2016-10-03 00:00:00",1.1234692335128784,1.1243535280227661,1.1206001043319702,1.1235954761505127,0
"2016-10-04 00:00:00",1.121038556098938,1.1249998807907104,1.1140000820159912,1.1213276386260986,0
"2016-10-05 00:00:00",1.121076226234436,1.1239995956420898,1.1192004680633545,1.121076226234436,0
"2016-10-06 00:00:00",1.120824933052063,1.1212018728256226,1.114951491355896,1.120824933052063,0
"2016-10-07 00:00:00",1.1144545078277588,1.1201971769332886,1.110600233078003,1.1145787239074707,0
"2016-10-10 00:00:00",1.1196954250335693,1.1201971769332886,1.1150758266448975,1.1195449829101562,0
"2016-10-11 00:00:00",1.1140819787979126,1.1143302917480469,1.105600357055664,1.1143302917480469,0
"2016-10-12 00:00:00",1.1061947345733643,1.1061947345733643,1.1006003618240356,1.1061947345733643,0
"2016-10-13 00:00:00",1.1011881828308105,1.1048502922058105,1.0986005067825317,1.1013215780258179,0
"2016-10-14 00:00:00",1.1049723625183105,1.1058276891708374,1.098538875579834,1.1049723625183105,0
"2016-10-17 00:00:00",1.0967799425125122,1.1012003421783447,1.0965272188186646,1.0968520641326904,0
"2016-10-18 00:00:00",1.1015641689300537,1.1029006242752075,1.09719979763031,1.1012003421783447,0
"2016-10-19 00:00:00",1.0976948738098145,1.100473165512085,1.0955997705459595,1.0975743532180786,0
"2016-10-20 00:00:00",1.0975141525268555,1.1029006242752075,1.0916005373001099,1.0975743532180786,0
"2016-10-21 00:00:00",1.0930395126342773,1.093135118484497,1.0862481594085693,1.0930275917053223,0
"2016-10-24 00:00:00",1.0882576704025269,1.0901999473571777,1.0860475301742554,1.0884946584701538,0
"2016-10-25 00:00:00",1.0875475406646729,1.0900002717971802,1.0853402614593506,1.0875475406646729,0
"2016-10-26 00:00:00",1.0887316465377808,1.0948106050491333,1.0876659154891968,1.0887197256088257,0
"2016-10-27 00:00:00",1.091202735900879,1.0942115783691406,1.0893957614898682,1.0911074876785278,0
"2016-10-28 00:00:00",1.0900371074676514,1.0952903032302856,1.089751958847046,1.0900014638900757,0
"2016-10-31 00:00:00",1.0984665155410767,1.0984183549880981,1.0939244031906128,1.0984183549880981,0
"2016-11-01 00:00:00",1.0973334312438965,1.1050944328308105,1.0961787700653076,1.0973334312438965,0
"2016-11-02 00:00:00",1.1057054996490479,1.1119760274887085,1.10515558719635,1.1059499979019165,0
"2016-11-03 00:00:00",1.1097548007965088,1.1128422021865845,1.1060845851898193,1.1097548007965088,0
"2016-11-04 00:00:00",1.1102476119995117,1.1125946044921875,1.1084016561508179,1.1102476119995117,0
"2016-11-07 00:00:00",1.1101243495941162,1.1112345457077026,1.1033873558044434,1.1096316576004028,0
"2016-11-08 00:00:00",1.1052166223526,1.1068068742752075,1.1030588150024414,1.1050456762313843,0
"2016-11-09 00:00:00",1.1019041538238525,1.1301988363265991,1.093398094177246,1.1020498275756836,0
"2016-11-10 00:00:00",1.0920606851577759,1.0955302715301514,1.0866104364395142,1.0920368432998657,0
"2016-11-11 00:00:00",1.0889687538146973,1.0925379991531372,1.0856997966766357,1.0889687538146973,0
"2016-11-14 00:00:00",1.0824854373931885,1.0874292850494385,1.0710800886154175,1.082602620124817,0
"2016-11-15 00:00:00",1.0750375986099243,1.0816657543182373,1.072369933128357,1.0746910572052002,0
"2016-11-16 00:00:00",1.0727311372756958,1.0760787725448608,1.067121982574463,1.0726161003112793,0
"2016-11-17 00:00:00",1.0706638097763062,1.0750375986099243,1.0666905641555786,1.0705492496490479,0
"2016-11-18 00:00:00",1.062304139137268,1.0639996528625488,1.057305932044983,1.0624734163284302,0
"2016-11-21 00:00:00",1.0584250688552856,1.0650999546051025,1.0585371255874634,1.0585371255874634,0
"2016-11-22 00:00:00",1.0638864040374756,1.065870761871338,1.0587276220321655,1.0638750791549683,0
"2016-11-23 00:00:00",1.0633772611618042,1.0645092725753784,1.0529640913009644,1.0634112358093262,0
"2016-11-24 00:00:00",1.0545185804367065,1.0587612390518188,1.0522550344467163,1.0546298027038574,0
"2016-11-25 00:00:00",1.0561892986297607,1.0628122091293335,1.0541073083877563,1.0564124584197998,0
"2016-11-28 00:00:00",1.0612331628799438,1.0684902667999268,1.056747317314148,1.0611205101013184,0
"2016-11-29 00:00:00",1.062134861946106,1.0633999109268188,1.056859016418457,1.062022089958191,0
"2016-11-30 00:00:00",1.0648492574691772,1.066699743270874,1.058500051498413,1.0648492574691772,0
"2016-12-01 00:00:00",1.0592098236083984,1.0637166500091553,1.0587612390518188,1.0592098236083984,0
"2016-12-02 00:00:00",1.0663141012191772,1.0691757202148438,1.0627998113632202,1.0663254261016846,0
"2016-12-05 00:00:00",1.0582010746002197,1.0741138458251953,1.054185152053833,1.0570825338363647,0
"2016-12-06 00:00:00",1.0757315158843994,1.078515887260437,1.07260000705719,1.0758472681045532,0
"2016-12-07 00:00:00",1.0720411539077759,1.0769003629684448,1.0713521242141724,1.071926236152649,0
"2016-12-08 00:00:00",1.0761945247650146,1.0856584310531616,1.0609999895095825,1.0760092735290527,0
"2016-12-09 00:00:00",1.062134861946106,1.063151240348816,1.0538407564163208,1.062134861946106,0
"2016-12-12 00:00:00",1.0547411441802979,1.062699317932129,1.0527424812316895,1.0546298027038574,0
"2016-12-13 00:00:00",1.0641694068908691,1.065303087234497,1.0606703758239746,1.0642826557159424,0
"2016-12-14 00:00:00",1.062925100326538,1.0666667222976685,1.0615001916885376,1.0630381107330322,0
"2016-12-15 00:00:00",1.051414132118225,1.052520751953125,1.0403661727905273,1.0515247583389282,0
"2016-12-16 00:00:00",1.0418837070465088,1.0472300052642822,1.0403661727905273,1.041775107383728,0
"2016-12-19 00:00:00",1.0449975728988647,1.0481960773468018,1.0413411855697632,1.0448229312896729,0
"2016-12-20 00:00:00",1.0405826568603516,1.0419923067092896,1.0355182886123657,1.040474534034729,0
"2016-12-21 00:00:00",1.039047360420227,1.0451505184173584,1.0385295152664185,1.0393929481506348,0
"2016-12-22 00:00:00",1.0428615808486938,1.0497585535049438,1.0427528619766235,1.0427528619766235,0
"2016-12-23 00:00:00",1.0437650680541992,1.0467915534973145,1.0429704189300537,1.0439503192901611,0
"2016-12-26 00:00:00",1.045478343963623,1.0470107793807983,1.044600248336792,1.0455876588821411,0
"2016-12-27 00:00:00",1.0456969738006592,1.0461344718933105,1.0435363054275513,1.0455766916275024,0
"2016-12-28 00:00:00",1.046233057975769,1.048218011856079,1.0387451648712158,1.0462440252304077,0
"2016-12-29 00:00:00",1.0416991710662842,1.0490977764129639,1.041775107383728,1.041775107383728,0
"2016-12-30 00:00:00",1.0575296878814697,1.0590976476669312,1.0509997606277466,1.0569037199020386,0
"2017-01-02 00:00:00",1.052698016166687,1.0540739297866821,1.0465724468231201,1.0530749559402466,0
"2017-01-03 00:00:00",1.0460032224655151,1.0492078065872192,1.0347682237625122,1.0459157228469849,0
"2017-01-04 00:00:00",1.0419923067092896,1.0478885173797607,1.0391337871551514,1.0418403148651123,0
"2017-01-05 00:00:00",1.0500892400741577,1.060895323753357,1.048657774925232,1.0498688220977783,0
"2017-01-06 00:00:00",1.0605915784835815,1.060895323753357,1.0539628267288208,1.0605578422546387,0
"2017-01-09 00:00:00",1.0531858205795288,1.0560777187347412,1.0513478517532349,1.0534077882766724,0
"2017-01-10 00:00:00",1.0588620901107788,1.0625863075256348,1.0561892986297607,1.0587612390518188,0
"2017-01-11 00:00:00",1.0552419424057007,1.056747317314148,1.0456969738006592,1.0554089546203613,0
"2017-01-12 00:00:00",1.0597710609436035,1.0686043500900269,1.0575296878814697,1.0596587657928467,0
"2017-01-13 00:00:00",1.0616837739944458,1.0667804479599,1.0600003004074097,1.0617965459823608,0
"2017-01-16 00:00:00",1.0628687143325806,1.0633434057235718,1.058133840560913,1.0626879930496216,0
"2017-01-17 00:00:00",1.0602991580963135,1.071799874305725,1.0601418018341064,1.0603891611099243,0
"2017-01-18 00:00:00",1.0696789026260376,1.0714668035507202,1.0659617185592651,1.0697818994522095,0
"2017-01-19 00:00:00",1.062778353691101,1.0676802396774292,1.058974266052246,1.0629477500915527,0
"2017-01-20 00:00:00",1.0659730434417725,1.0695186853408813,1.0626766681671143,1.0661321878433228,0
"2017-01-23 00:00:00",1.0713750123977661,1.0756157636642456,1.070835828781128,1.0711455345153809,0
"2017-01-24 00:00:00",1.0760787725448608,1.077284336090088,1.0727771520614624,1.0757546424865723,0
"2017-01-25 00:00:00",1.0728693008422852,1.076878309249878,1.0712143182754517,1.0727887153625488,0
"2017-01-26 00:00:00",1.0751993656158447,1.076658010482788,1.0670650005340576,1.0755001306533813,0
"2017-01-27 00:00:00",1.068296194076538,1.0724780559539795,1.0660525560379028,1.0682847499847412,0
"2017-01-30 00:00:00",1.0713980197906494,1.0740330219268799,1.0620898008346558,1.071914792060852,0
"2017-01-31 00:00:00",1.0708587169647217,1.0810343027114868,1.0686043500900269,1.0707095861434937,0
"2017-02-01 00:00:00",1.0803803205490112,1.0808473825454712,1.0739407539367676,1.080263614654541,0
"2017-02-02 00:00:00",1.0767391920089722,1.0826611518859863,1.076843500137329,1.076843500137329,0
"2017-02-03 00:00:00",1.0761713981628418,1.079715371131897,1.0728923082351685,1.0763335227966309,0
"2017-02-06 00:00:00",1.0782949924468994,1.0788882970809937,1.0706638097763062,1.0783414840698242,0
"2017-02-07 00:00:00",1.0743216276168823,1.0743446350097656,1.0656777620315552,1.0743216276168823,0
"2017-02-08 00:00:00",1.0678056478500366,1.0707440376281738,1.0642147064208984,1.067896842956543,0
"2017-02-09 00:00:00",1.0692213773727417,1.0710078477859497,1.0657345056533813,1.0692099332809448,0
"2017-02-10 00:00:00",1.0658594369888306,1.066894292831421,1.0609854459762573,1.0656890869140625,0
"2017-02-13 00:00:00",1.061954379081726,1.0658026933670044,1.0593445301055908,1.061931848526001,0
"2017-02-14 00:00:00",1.059849739074707,1.0633207559585571,1.056178092956543,1.0599170923233032,0
"2017-02-15 00:00:00",1.0578316450119019,1.0587948560714722,1.0522106885910034,1.0578652620315552,0
"2017-02-16 00:00:00",1.0607378482818604,1.0674750804901123,1.0600519180297852,1.0601868629455566,0
"2017-02-17 00:00:00",1.0672245025634766,1.0676915645599365,1.0625863075256348,1.06670081615448,0
"2017-02-20 00:00:00",1.062665343284607,1.063151240348816,1.0605241060256958,1.0626766681671143,0
"2017-02-21 00:00:00",1.0609403848648071,1.061255693435669,1.0526647567749023,1.061030387878418,0
"2017-02-22 00:00:00",1.0542073249816895,1.0556206703186035,1.0496814250946045,1.0542184114456177,0
"2017-02-23 00:00:00",1.0554089546203613,1.0595015287399292,1.0538963079452515,1.0551751852035522,0
"2017-02-24 00:00:00",1.0584474802017212,1.0618078708648682,1.0566245317459106,1.0584698915481567,0
"2017-02-27 00:00:00",1.055275321006775,1.0614584684371948,1.0552864074707031,1.0552864074707031,0
"2017-02-28 00:00:00",1.0584250688552856,1.062699317932129,1.0576637983322144,1.0582793951034546,0
"2017-03-01 00:00:00",1.0569148063659668,1.05880606174469,1.0515247583389282,1.0569260120391846,0
"2017-03-02 00:00:00",1.0535852909088135,1.0545185804367065,1.050045132637024,1.053629755973816,0
"2017-03-03 00:00:00",1.0509721040725708,1.057373046875,1.05035400390625,1.0508506298065186,0
"2017-03-06 00:00:00",1.062044620513916,1.0638071298599243,1.057820439338684,1.0618754625320435,0
"2017-03-07 00:00:00",1.0579211711883545,1.060400366783142,1.0560777187347412,1.0581226348876953,0
"2017-03-08 00:00:00",1.0570154190063477,1.0575296878814697,1.0537296533584595,1.0568925142288208,0
"2017-03-09 00:00:00",1.0547411441802979,1.0614020824432373,1.052565097808838,1.0544073581695557,0
"2017-03-10 00:00:00",1.0578428506851196,1.0669056177139282,1.058133840560913,1.058133840560913,0
"2017-03-13 00:00:00",1.0690041780471802,1.0715816020965576,1.0656890869140625,1.068798542022705,0
"2017-03-14 00:00:00",1.0651443004608154,1.0662117004394531,1.0627444982528687,1.065200924873352,0
"2017-03-15 00:00:00",1.0612443685531616,1.0641003847122192,1.0610530376434326,1.0612443685531616,0
"2017-03-16 00:00:00",1.0737909078598022,1.0745755434036255,1.0707095861434937,1.0737909078598022,0
"2017-03-17 00:00:00",1.077470064163208,1.078299641609192,1.0729843378067017,1.077052354812622,0
"2017-03-20 00:00:00",1.0742985010147095,1.0777000188827515,1.0742292404174805,1.0742292404174805,0
"2017-03-21 00:00:00",1.073767900466919,1.0818997621536255,1.0736756324768066,1.0736756324768066,0
"2017-03-22 00:00:00",1.081244707107544,1.0820754766464233,1.0776559114456177,1.0811277627944946,0
"2017-03-23 00:00:00",1.0790164470672607,1.0804970264434814,1.077052354812622,1.0789697170257568,0
"2017-03-24 00:00:00",1.0783880949020386,1.08119797706604,1.0761598348617554,1.078399658203125,0
"2017-03-27 00:00:00",1.0849517583847046,1.0904886722564697,1.0839051008224487,1.0845986604690552,0
"2017-03-28 00:00:00",1.0860947370529175,1.0874292850494385,1.0846928358078003,1.0862716436386108,0
"2017-03-29 00:00:00",1.0817711353302002,1.0826494693756104,1.0740907192230225,1.0817476511001587,0
"2017-03-30 00:00:00",1.0759629011154175,1.0769003629684448,1.0721906423568726,1.0759977102279663,0
"2017-03-31 00:00:00",1.0687072277069092,1.0700910091400146,1.0672245025634766,1.0687528848648071,0
"2017-04-03 00:00:00",1.0668829679489136,1.068376064300537,1.064373254776001,1.0668145418167114,0
"2017-04-04 00:00:00",1.067008137702942,1.067463755607605,1.0636826753616333,1.0670194625854492,0
"2017-04-05 00:00:00",1.0680338144302368,1.0689127445220947,1.065405249595642,1.0679539442062378,0
"2017-04-06 00:00:00",1.0672472715377808,1.0683988332748413,1.0631964206695557,1.0673270225524902,0
"2017-04-07 00:00:00",1.0644639730453491,1.0660412311553955,1.0611655712127686,1.064305305480957,0
"2017-04-10 00:00:00",1.0582010746002197,1.060782790184021,1.0570378303527832,1.0584250688552856,0
"2017-04-11 00:00:00",1.0597598552703857,1.0629477500915527,1.0579211711883545,1.0597823858261108,0
"2017-04-12 00:00:00",1.0611318349838257,1.0623831748962402,1.0596587657928467,1.0609629154205322,0
"2017-04-13 00:00:00",1.0670650005340576,1.0678056478500366,1.0611768960952759,1.0671560764312744,0
"2017-04-14 00:00:00",1.0616387128829956,1.063151240348816,1.0607041120529175,1.0617965459823608,0
"2017-04-17 00:00:00",1.0610530376434326,1.0669853687286377,1.0609742403030396,1.0611205101013184,0
"2017-04-18 00:00:00",1.0644525289535522,1.0708587169647217,1.063795804977417,1.0643846988677979,0
"2017-04-19 00:00:00",1.0728693008422852,1.0736525058746338,1.070159673690796,1.0728347301483154,0
"2017-04-20 00:00:00",1.0715012550354004,1.077818512916565,1.0710651874542236,1.0714898109436035,0
"2017-04-21 00:00:00",1.0714898109436035,1.0737563371658325,1.0687072277069092,1.071329116821289,0
"2017-04-24 00:00:00",1.087393879890442,1.0877995491027832,1.0821690559387207,1.0875357389450073,0
"2017-04-25 00:00:00",1.0864840745925903,1.0940918922424316,1.085198998451233,1.086767554283142,0
"2017-04-26 00:00:00",1.0928245782852173,1.0950744152069092,1.0860711336135864,1.0928484201431274,0
"2017-04-27 00:00:00",1.090893268585205,1.0930753946304321,1.085257887840271,1.0909289121627808,0
"2017-04-28 00:00:00",1.0864251852035522,1.0948106050491333,1.0858235359191895,1.0866730213165283,0
"2017-05-01 00:00:00",1.0907504558563232,1.0925379991531372,1.0885419845581055,1.0906076431274414,0
"2017-05-02 00:00:00",1.090893268585205,1.0925379991531372,1.0889095067977905,1.0909645557403564,0
"2017-05-03 00:00:00",1.0935654640197754,1.0939722061157227,1.0905719995498657,1.0935654640197754,0
"2017-05-04 00:00:00",1.0888975858688354,1.0968520641326904,1.0876303911209106,1.0888738632202148,0
"2017-05-05 00:00:00",1.098152995109558,1.0999890565872192,1.0953261852264404,1.098140835762024,0
"2017-05-08 00:00:00",1.0965152978897095,1.0996261835098267,1.0919533967971802,1.0966956615447998,0
"2017-05-09 00:00:00",1.0927767753601074,1.093400478363037,1.087263822555542,1.0927289724349976,0
"2017-05-10 00:00:00",1.0886842012405396,1.0900371074676514,1.0859414339065552,1.0886961221694946,0
"2017-05-11 00:00:00",1.087074637413025,1.0892000198364258,1.0839990377426147,1.0866730213165283,0
"2017-05-12 00:00:00",1.0864958763122559,1.0933741331100464,1.0857645273208618,1.0866022109985352,0
"2017-05-15 00:00:00",1.0927289724349976,1.099000096321106,1.0923231840133667,1.0928006172180176,0
"2017-05-16 00:00:00",1.0981770753860474,1.108930230140686,1.0979599952697754,1.0980684757232666,0
"2017-05-17 00:00:00",1.1093976497650146,1.1150261163711548,1.1083157062530518,1.109570026397705,0
"2017-05-18 00:00:00",1.115635633468628,1.11720609664917,1.1104941368103027,1.1154240369796753,0
"2017-05-19 00:00:00",1.1113580465316772,1.1198208332061768,1.1100751161575317,1.111086368560791,0
"2017-05-22 00:00:00",1.120485782623291,1.1263290643692017,1.116233468055725,1.1202348470687866,0
"2017-05-23 00:00:00",1.123885989189148,1.1266716718673706,1.1196328401565552,1.1237092018127441,0
"2017-05-24 00:00:00",1.11793053150177,1.1202473640441895,1.1169440746307373,1.1180930137634277,0
"2017-05-25 00:00:00",1.1230907440185547,1.1250998973846436,1.119557499885559,1.12311589717865,0
"2017-05-26 00:00:00",1.121076226234436,1.123204231262207,1.1163455247879028,1.1210637092590332,0
"2017-05-29 00:00:00",1.1176055669784546,1.11906898021698,1.1162956953048706,1.1175181865692139,0
"2017-05-30 00:00:00",1.1129041910171509,1.1201595067977905,1.1110740900039673,1.1129412651062012,0
"2017-05-31 00:00:00",1.117168664932251,1.125226378440857,1.1165823936462402,1.1173683404922485,0
"2017-06-01 00:00:00",1.1243535280227661,1.1257203817367554,1.1203100681304932,1.123822808265686,0
"2017-06-02 00:00:00",1.1215791702270508,1.1281461715698242,1.1206239461898804,1.1213276386260986,0
"2017-06-05 00:00:00",1.128082513809204,1.1279042959213257,1.1236207485198975,1.127548336982727,0
"2017-06-06 00:00:00",1.1256824731826782,1.1279042959213257,1.1241259574890137,1.125821828842163,0
"2017-06-07 00:00:00",1.1271415948867798,1.1279934644699097,1.120523452758789,1.127052664756775,0
"2017-06-08 00:00:00",1.125517725944519,1.1270145177841187,1.1196452379226685,1.12546706199646,0
"2017-06-09 00:00:00",1.1184805631637573,1.1217050552368164,1.1167818307876587,1.1193194389343262,0
"2017-06-12 00:00:00",1.1201971769332886,1.1230995655059814,1.1194071769714355,1.1202348470687866,0
"2017-06-13 00:00:00",1.1196202039718628,1.1225234270095825,1.1185808181762695,1.1199086904525757,0
"2017-06-14 00:00:00",1.1208877563476562,1.1295095682144165,1.1198583841323853,1.121076226234436,0
"2017-06-15 00:00:00",1.1215791702270508,1.1228384971618652,1.1133625507354736,1.1216169595718384,0
"2017-06-16 00:00:00",1.1146905422210693,1.1199712753295898,1.113908290863037,1.114740252494812,0
"2017-06-19 00:00:00",1.120824933052063,1.1213276386260986,1.1159842014312744,1.1203352212905884,0
"2017-06-20 00:00:00",1.1144545078277588,1.1165997982025146,1.1120872497558594,1.114466905593872,0
"2017-06-21 00:00:00",1.1136974096298218,1.1154489517211914,1.112866997718811,1.1136353015899658,0
"2017-06-22 00:00:00",1.1167196035385132,1.117817997932434,1.114715337753296,1.1168441772460938,0
"2017-06-23 00:00:00",1.1149640083312988,1.120862603187561,1.1146284341812134,1.114976406097412,0
"2017-06-26 00:00:00",1.1198835372924805,1.12186861038208,1.1172560453414917,1.1199712753295898,0
"2017-06-27 00:00:00",1.118355631828308,1.1330161094665527,1.1180554628372192,1.118067979812622,0
"2017-06-28 00:00:00",1.1339154243469238,1.1387965679168701,1.129726529121399,1.1336840391159058,0
"2017-06-29 00:00:00",1.1382650136947632,1.1435105800628662,1.13779878616333,1.13779878616333,0
"2017-06-30 00:00:00",1.144164800643921,1.1445000171661377,1.1392894983291626,1.1440469026565552,0
"2017-07-03 00:00:00",1.1423088312149048,1.1425960063934326,1.1356925964355469,1.1425045728683472,0
"2017-07-04 00:00:00",1.1371389627456665,1.1379153728485107,1.1337867975234985,1.1375269889831543,0
"2017-07-05 00:00:00",1.1360150575637817,1.1368803977966309,1.1315033435821533,1.1359893083572388,0
"2017-07-06 00:00:00",1.1346874237060547,1.1409013271331787,1.1330673694610596,1.1344943046569824,0
"2017-07-07 00:00:00",1.1424784660339355,1.1438244581222534,1.1382910013198853,1.142126202583313,0
"2017-07-10 00:00:00",1.140380859375,1.1417349576950073,1.1383039951324463,1.1406410932540894,0
"2017-07-12 00:00:00",1.1473942995071411,1.149100422859192,1.1394842863082886,1.1473942995071411,0
"2017-07-13 00:00:00",1.1418914794921875,1.1455278396606445,1.137255311012268,1.1419044733047485,0
"2017-07-14 00:00:00",1.140393853187561,1.1466838121414185,1.139237642288208,1.140393853187561,0
"2017-07-17 00:00:00",1.1475391387939453,1.1487255096435547,1.1436283588409424,1.1475127935409546,0
"2017-07-18 00:00:00",1.1474337577819824,1.1584800481796265,1.1472363471984863,1.1473416090011597,0
"2017-07-19 00:00:00",1.1549744606018066,1.1553213596343994,1.1510659456253052,1.154961109161377,0
"2017-07-20 00:00:00",1.1528440713882446,1.1649987697601318,1.1480133533477783,1.1528840065002441,0
"2017-07-21 00:00:00",1.1628718376159668,1.1675150394439697,1.1620204448699951,1.1628042459487915,0
"2017-07-24 00:00:00",1.1681697368621826,1.1681697368621826,1.1631693840026855,1.1681560277938843,0
"2017-07-25 00:00:00",1.1638869047164917,1.1706860065460205,1.1631559133529663,1.1638869047164917,0
"2017-07-26 00:00:00",1.1644561290740967,1.1655012369155884,1.1615750789642334,1.1643340587615967,0
"2017-07-27 00:00:00",1.1728004217147827,1.1774957180023193,1.1654876470565796,1.1730343103408813,0
"2017-07-28 00:00:00",1.1688660383224487,1.1763322353363037,1.1672561168670654,1.1690027713775635,0
"2017-07-31 00:00:00",1.1747292280197144,1.1824663877487183,1.1723741292953491,1.1746878623962402,0
"2017-08-01 00:00:00",1.182410478591919,1.1837540864944458,1.1791062355041504,1.1823545694351196,0
"2017-08-02 00:00:00",1.1811256408691406,1.186760425567627,1.1794956922531128,1.180930256843567,0
"2017-08-03 00:00:00",1.1851149797439575,1.18948495388031,1.1833997964859009,1.1851431131362915,0
"2017-08-04 00:00:00",1.1884952783584595,1.1891002655029297,1.1736950874328613,1.1887779235839844,0
"2017-08-07 00:00:00",1.1778424978256226,1.1812511682510376,1.177773118019104,1.177773118019104,0
"2017-08-08 00:00:00",1.1800941228866577,1.1824523210525513,1.1718658208847046,1.18002450466156,0
"2017-08-09 00:00:00",1.1754610538482666,1.1760278940200806,1.169235110282898,1.1753367185592651,0
"2017-08-10 00:00:00",1.1761523485183716,1.1764705181121826,1.1704667806625366,1.1764705181121826,0
"2017-08-11 00:00:00",1.177024483680725,1.1831799745559692,1.1749224662780762,1.1769968271255493,0
"2017-08-14 00:00:00",1.182550311088562,1.1839994192123413,1.1773293018341064,1.1826341152191162,0
"2017-08-15 00:00:00",1.1775789260864258,1.1792453527450562,1.1689002513885498,1.1777037382125854,0
"2017-08-16 00:00:00",1.1741223335266113,1.1757513284683228,1.1683608293533325,1.1739845275878906,0
"2017-08-17 00:00:00",1.1774264574050903,1.1790227890014648,1.1666978597640991,1.1774264574050903,0
"2017-08-18 00:00:00",1.1715501546859741,1.176816701889038,1.1712207794189453,1.1717286109924316,0
"2017-08-21 00:00:00",1.1756268739700317,1.1824663877487183,1.1731857061386108,1.175723671913147,0
"2017-08-22 00:00:00",1.1811953783035278,1.1825922727584839,1.1746463775634766,1.1811814308166504,0
"2017-08-23 00:00:00",1.176221489906311,1.1818654537200928,1.1743566989898682,1.1760832071304321,0
"2017-08-24 00:00:00",1.1816558837890625,1.1818934679031372,1.1785225868225098,1.1816420555114746,0
"2017-08-25 00:00:00",1.1802195310592651,1.188424825668335,1.1774818897247314,1.1798295974731445,0
"2017-08-28 00:00:00",1.1951857805252075,1.197604775428772,1.1917815208435059,1.1951429843902588,0
"2017-08-29 00:00:00",1.1963869333267212,1.2066947221755981,1.196300983428955,1.1965157985687256,0
"2017-08-30 00:00:00",1.1970456838607788,1.1986095905303955,1.189668893814087,1.1970313787460327,0
"2017-08-31 00:00:00",1.1893434524536133,1.1908164024353027,1.1824384927749634,1.1890040636062622,0
"2017-09-01 00:00:00",1.1910432577133179,1.1978631019592285,1.1851149797439575,1.191085934638977,0
"2017-09-04 00:00:00",1.1882835626602173,1.1923214197158813,1.1879446506500244,1.1882553100585938,0
"2017-09-05 00:00:00",1.1893434524536133,1.193816065788269,1.187042236328125,1.18944251537323,0
"2017-09-06 00:00:00",1.1924067735671997,1.1949286460876465,1.1903769969940186,1.1923640966415405,0
"2017-09-07 00:00:00",1.1927765607833862,1.205690860748291,1.1915684938430786,1.1927480697631836,0
"2017-09-08 00:00:00",1.2029062509536743,1.2093360424041748,1.2018941640853882,1.2028627395629883,0
"2017-09-11 00:00:00",1.2017642259597778,1.2029350996017456,1.1962437629699707,1.2015330791473389,0
"2017-09-12 00:00:00",1.1959433555603027,1.1977481842041016,1.1927480697631836,1.1958575248718262,0
"2017-09-13 00:00:00",1.1974613666534424,1.1996002197265625,1.188565969467163,1.1971603631973267,0
"2017-09-14 00:00:00",1.1890605688095093,1.1910008192062378,1.1845674514770508,1.1890465021133423,0
"2017-09-15 00:00:00",1.1921650171279907,1.198552131652832,1.1902352571487427,1.1922788619995117,0
"2017-09-18 00:00:00",1.193716287612915,1.1968880891799927,1.1916821002960205,1.1937447786331177,0
"2017-09-19 00:00:00",1.1959290504455566,1.2005378007888794,1.196000576019287,1.1961722373962402,0
"2017-09-20 00:00:00",1.199256420135498,1.2019230127334595,1.198667049407959,1.1992852687835693,0
"2017-09-21 00:00:00",1.1872113943099976,1.1953572034835815,1.1866196393966675,1.187295913696289,0
"2017-09-22 00:00:00",1.194557547569275,1.2002496719360352,1.1940582990646362,1.1944862604141235,0
"2017-09-25 00:00:00",1.1927196979522705,1.1938873529434204,1.185185194015503,1.1926769018173218,0
"2017-09-26 00:00:00",1.185564637184143,1.186380386352539,1.1765259504318237,1.185564637184143,0
"2017-09-27 00:00:00",1.1786059141159058,1.1795234680175781,1.1719207763671875,1.1781338453292847,0
"2017-09-28 00:00:00",1.1749638319015503,1.1802752017974854,1.172195553779602,1.175046682357788,0
"2017-09-29 00:00:00",1.178175449371338,1.1831939220428467,1.1773293018341064,1.1780644655227661,0
"2017-10-02 00:00:00",1.1807351112365723,1.1807630062103271,1.17311692237854,1.1807630062103271,0
"2017-10-03 00:00:00",1.173378348350525,1.177163004875183,1.169741153717041,1.1733232736587524,0
"2017-10-04 00:00:00",1.1747568845748901,1.1786754131317139,1.1747430562973022,1.1747844219207764,0
"2017-10-05 00:00:00",1.175723671913147,1.177994966506958,1.1703845262527466,1.1756960153579712,0
"2017-10-06 00:00:00",1.1712344884872437,1.1738742589950562,1.1671334505081177,1.1713991165161133,0
"2017-10-09 00:00:00",1.1742464303970337,1.1750881671905518,1.1720993518829346,1.1742877960205078,0
"2017-10-10 00:00:00",1.1741636991500854,1.1817677021026611,1.1741912364959717,1.1741912364959717,0
"2017-10-11 00:00:00",1.1814883947372437,1.1858035326004028,1.179634690284729,1.181404709815979,0
"2017-10-12 00:00:00",1.1865493059158325,1.1880717277526855,1.1831799745559692,1.1865352392196655,0
"2017-10-13 00:00:00",1.1831799745559692,1.1874369382858276,1.1806235313415527,1.1831378936767578,0
"2017-10-16 00:00:00",1.181404709815979,1.182102918624878,1.1781060695648193,1.1815024614334106,0
"2017-10-17 00:00:00",1.1794538497924805,1.1795096397399902,1.1738604307174683,1.1795096397399902,0
"2017-10-18 00:00:00",1.1771907806396484,1.1779812574386597,1.1732269525527954,1.1772878170013428,0
"2017-10-19 00:00:00",1.1795234680175781,1.1857191324234009,1.1769968271255493,1.179356575012207,0
"2017-10-20 00:00:00",1.184805989265442,1.1858035326004028,1.1764997243881226,1.18519926071167,0
"2017-10-23 00:00:00",1.175364375114441,1.1778993606567383,1.1734058856964111,1.1754748821258545,0
"2017-10-24 00:00:00",1.1759172677993774,1.1777175664901733,1.174384355545044,1.175530195236206,0
"2017-10-25 00:00:00",1.1759034395217896,1.1817537546157837,1.1753782033920288,1.1759862899780273,0
"2017-10-26 00:00:00",1.182075023651123,1.1835579872131348,1.1692214012145996,1.1822147369384766,0
"2017-10-27 00:00:00",1.163724422454834,1.1644154787063599,1.157594919204712,1.1639004945755005,0
"2017-10-30 00:00:00",1.1604562997817993,1.1642799377441406,1.1598103046417236,1.160725712776184,0
"2017-10-31 00:00:00",1.1652703285217285,1.1658952236175537,1.1625608205795288,1.164985179901123,0
"2017-11-01 00:00:00",1.165175199508667,1.165745735168457,1.160833477973938,1.1651616096496582,0
"2017-11-02 00:00:00",1.1628718376159668,1.168729543685913,1.1628854274749756,1.162912368774414,0
"2017-11-03 00:00:00",1.1661807298660278,1.1686748266220093,1.1605236530303955,1.1663167476654053,0
"2017-11-06 00:00:00",1.1614941358566284,1.1626555919647217,1.1582788228988647,1.1615345478057861,0
"2017-11-07 00:00:00",1.1612648963928223,1.1617100238800049,1.1555883884429932,1.1611839532852173,0
"2017-11-08 00:00:00",1.1601063013076782,1.1609547138214111,1.1581177711486816,1.1602543592453003,0
"2017-11-09 00:00:00",1.15968918800354,1.1652567386627197,1.1586410999298096,1.1595547199249268,0
"2017-11-10 00:00:00",1.164686679840088,1.1675150394439697,1.1623986959457397,1.164523959159851,0
"2017-11-13 00:00:00",1.1661127805709839,1.1675150394439697,1.163873314857483,1.1661127805709839,0
"2017-11-14 00:00:00",1.1664936542510986,1.177412509918213,1.166330337524414,1.1664936542510986,0
"2017-11-15 00:00:00",1.1792869567871094,1.1859441995620728,1.1786059141159058,1.1791757345199585,0
"2017-11-17 00:00:00",1.1777453422546387,1.1821727752685547,1.177467942237854,1.1777315139770508,0
"2017-11-20 00:00:00",1.1731857061386108,1.1807490587234497,1.1725940704345703,1.1732131242752075,0
"2017-11-21 00:00:00",1.1741223335266113,1.1756683588027954,1.1715501546859741,1.1738742589950562,0
"2017-11-22 00:00:00",1.173722743988037,1.179815649986267,1.1735574007034302,1.174094796180725,0
"2017-11-23 00:00:00",1.1814744472503662,1.185499906539917,1.1814465522766113,1.181516408920288,0
"2017-11-24 00:00:00",1.1853959560394287,1.1943720579147339,1.183726191520691,1.1850868463516235,0
"2017-11-27 00:00:00",1.1926485300064087,1.1960434913635254,1.1908164024353027,1.1928761005401611,0
"2017-11-28 00:00:00",1.1904903650283813,1.192099690437317,1.1867464780807495,1.1904053688049316,0
"2017-11-29 00:00:00",1.184805989265442,1.1884952783584595,1.1820051670074463,1.1849744319915771,0
"2017-11-30 00:00:00",1.18519926071167,1.1929757595062256,1.1815024614334106,1.1850025653839111,0
"2017-12-01 00:00:00",1.1898245811462402,1.1939870119094849,1.185213327407837,1.18990957736969,0
"2017-12-04 00:00:00",1.1859863996505737,1.1878741979599,1.1831238269805908,1.1857051849365234,0
"2017-12-05 00:00:00",1.1867746114730835,1.187930703163147,1.1808885335922241,1.186859130859375,0
"2017-12-06 00:00:00",1.1832919120788574,1.1848341226577759,1.1781338453292847,1.183053970336914,0
"2017-12-07 00:00:00",1.1804285049438477,1.1809163093566895,1.1777175664901733,1.1804981231689453,0
"2017-12-08 00:00:00",1.1772184371948242,1.1777175664901733,1.1731857061386108,1.1774401664733887,0
"2017-12-11 00:00:00",1.1769968271255493,1.1810418367385864,1.176885962486267,1.1769275665283203,0
"2017-12-12 00:00:00",1.1777591705322266,1.1792994737625122,1.1718933582305908,1.1777175664901733,0
"2017-12-13 00:00:00",1.1742602586746216,1.177024483680725,1.1730480194091797,1.1743566989898682,0
"2017-12-14 00:00:00",1.1835860013961792,1.1859863996505737,1.177163004875183,1.1839923858642578,0
"2017-12-15 00:00:00",1.1774957180023193,1.1814005374908447,1.1761661767959595,1.1775233745574951,0
"2017-12-18 00:00:00",1.1743566989898682,1.18343186378479,1.174315333366394,1.1746740341186523,0
"2017-12-19 00:00:00",1.1784253120422363,1.1832919120788574,1.1777037382125854,1.1782865524291992,0
"2017-12-20 00:00:00",1.1841325759887695,1.1901220083236694,1.1830118894577026,1.183712124824524,0
"2017-12-21 00:00:00",1.1878176927566528,1.189202070236206,1.1850166320800781,1.1877753734588623,0
"2017-12-22 00:00:00",1.1857331991195679,1.1861974000930786,1.1817537546157837,1.185157060623169,0
"2017-12-25 00:00:00",1.1856067180633545,1.1884952783584595,1.1849043369293213,1.1856770515441895,0
"2017-12-26 00:00:00",1.187253713607788,1.1877895593643188,1.1847498416900635,1.187126874923706,0
"2017-12-27 00:00:00",1.1857894659042358,1.1910432577133179,1.185564637184143,1.1860989332199097,0
"2017-12-28 00:00:00",1.1900794506072998,1.195500135421753,1.1898245811462402,1.1900228261947632,0
"2017-12-29 00:00:00",1.1941723823547363,1.202284336090088,1.193801760673523,1.1939870119094849,0
"2018-01-01 00:00:00",1.200494647026062,1.2015043497085571,1.199903964996338,1.200494647026062,0
"2018-01-02 00:00:00",1.2011579275131226,1.2080942392349243,1.200855016708374,1.2010858058929443,0
"2018-01-03 00:00:00",1.2063454389572144,1.2067092657089233,1.200494647026062,1.2061998844146729,0
"2018-01-04 00:00:00",1.2010425329208374,1.209189772605896,1.200494647026062,1.2011290788650513,0
"2018-01-05 00:00:00",1.2068840265274048,1.2084592580795288,1.202154278755188,1.2066218852996826,0
"2018-01-08 00:00:00",1.2037460803985596,1.2054002285003662,1.195971965789795,1.203948974609375,0
"2018-01-09 00:00:00",1.1970456838607788,1.1975760459899902,1.1917957067489624,1.1969597339630127,0
"2018-01-10 00:00:00",1.1929330825805664,1.2016342878341675,1.1924494504928589,1.1929330825805664,0
"2018-01-11 00:00:00",1.1956144571304321,1.2059234380722046,1.1931180953979492,1.1954858303070068,0
"2018-01-12 00:00:00",1.2042099237442017,1.2156133651733398,1.2041373252868652,1.2042099237442017,0
"2018-01-15 00:00:00",1.2192296981811523,1.2299003601074219,1.2188136577606201,1.2193039655685425,0
"2018-01-16 00:00:00",1.2268433570861816,1.2281240224838257,1.2196757793426514,1.2269939184188843,0
"2018-01-17 00:00:00",1.227129340171814,1.2321492433547974,1.2199138402938843,1.227144479751587,0
"2018-01-18 00:00:00",1.218397855758667,1.2262566089630127,1.2175078392028809,1.218145489692688,0
"2018-01-19 00:00:00",1.2236607074737549,1.2294830083847046,1.222030758857727,1.223585844039917,0
"2018-01-22 00:00:00",1.2255502939224243,1.2266627550125122,1.2214635610580444,1.2255953550338745,0
"2018-01-23 00:00:00",1.2256253957748413,1.2306995391845703,1.2223594188690186,1.225730538368225,0
"2018-01-24 00:00:00",1.2310267686843872,1.240199327468872,1.2295132875442505,1.2309662103652954,0
"2018-01-25 00:00:00",1.239111304283142,1.2529915571212769,1.2386507987976074,1.23960280418396,0
"2018-01-26 00:00:00",1.239234209060669,1.2490164041519165,1.2387429475784302,1.239234209060669,0
"2018-01-29 00:00:00",1.2428072690963745,1.243193507194519,1.2338062524795532,1.2428226470947266,0
"2018-01-30 00:00:00",1.2381141185760498,1.245221495628357,1.2336845397949219,1.238175392150879,0
"2018-01-31 00:00:00",1.2409565448760986,1.2476606369018555,1.2400639057159424,1.2408334016799927,0
"2018-02-01 00:00:00",1.241865873336792,1.2487823963165283,1.2386507987976074,1.2417423725128174,0
"2018-02-02 00:00:00",1.2510008811950684,1.251799464225769,1.241187572479248,1.2512669563293457,0
"2018-02-05 00:00:00",1.244694471359253,1.2478163242340088,1.2401562929153442,1.2447099685668945,0
"2018-02-06 00:00:00",1.2367818355560303,1.2428536415100098,1.231618046760559,1.2368277311325073,0
"2018-02-07 00:00:00",1.2381294965744019,1.2403254508972168,1.2278525829315186,1.2381447553634644,0
"2018-02-08 00:00:00",1.2268133163452148,1.2294527292251587,1.2216575145721436,1.2268433570861816,0
"2018-02-09 00:00:00",1.2260762453079224,1.2285465002059937,1.2226433753967285,1.2260762453079224,0
"2018-02-12 00:00:00",1.2252799272537231,1.2297097444534302,1.2236307859420776,1.2253400087356567,0
"2018-02-13 00:00:00",1.2303755283355713,1.2371996641159058,1.228606939315796,1.2301182746887207,0
"2018-02-14 00:00:00",1.235376238822937,1.2416189908981323,1.2278525829315186,1.2352999448776245,0
"2018-02-15 00:00:00",1.2467273473739624,1.2511996030807495,1.2450509071350098,1.2467117309570312,0
"2018-02-16 00:00:00",1.2503595352172852,1.2558081150054932,1.2430543899536133,1.250734806060791,0
"2018-02-19 00:00:00",1.241187572479248,1.2437996864318848,1.2371032238006592,1.241187572479248,0
"2018-02-20 00:00:00",1.2398641109466553,1.2409104108810425,1.2321947813034058,1.2399102449417114,0
"2018-02-21 00:00:00",1.233532428741455,1.2347005605697632,1.2300727367401123,1.233547568321228,0
"2018-02-22 00:00:00",1.2281843423843384,1.2353304624557495,1.2261663675308228,1.2280335426330566,0
"2018-02-23 00:00:00",1.2326656579971313,1.233500361442566,1.2280486822128296,1.2326048612594604,0
"2018-02-26 00:00:00",1.228712558746338,1.2354830503463745,1.228244662284851,1.2288333177566528,0
"2018-02-27 00:00:00",1.2315573692321777,1.2345678806304932,1.2223145961761475,1.2316029071807861,0
"2018-02-28 00:00:00",1.2230321168899536,1.224289894104004,1.2189176082611084,1.2222100496292114,0
"2018-03-01 00:00:00",1.2191256284713745,1.2221801280975342,1.2157995700836182,1.2190959453582764,0
"2018-03-02 00:00:00",1.2270842790603638,1.2330456972122192,1.2252799272537231,1.227129340171814,0
"2018-03-05 00:00:00",1.2315422296524048,1.2348270416259766,1.2275512218475342,1.231845736503601,0
"2018-03-06 00:00:00",1.2336541414260864,1.2419891357421875,1.233121633529663,1.2337758541107178,0
"2018-03-07 00:00:00",1.2416653633117676,1.2440595626831055,1.2386049032211304,1.2419275045394897,0
"2018-03-08 00:00:00",1.2414649724960327,1.24447762966156,1.2306329011917114,1.2416189908981323,0
"2018-03-09 00:00:00",1.2306632995605469,1.2333801984786987,1.2275512218475342,1.2307844161987305,0
"2018-03-12 00:00:00",1.2308752536773682,1.2342007160186768,1.229135513305664,1.2308601140975952,0
"2018-03-13 00:00:00",1.2339584827423096,1.2398948669433594,1.231496810913086,1.2338672876358032,0
"2018-03-14 00:00:00",1.239234209060669,1.2416189908981323,1.235010027885437,1.2392956018447876,0
"2018-03-15 00:00:00",1.2375624179840088,1.2386969327926636,1.2320733070373535,1.2375319004058838,0
"2018-03-16 00:00:00",1.2309207916259766,1.23350191116333,1.2261513471603394,1.2307692766189575,0
"2018-03-19 00:00:00",1.228078842163086,1.2332433462142944,1.226046085357666,1.228078842163086,0
"2018-03-20 00:00:00",1.2336845397949219,1.2354220151901245,1.2264971733093262,1.2338062524795532,0
"2018-03-21 00:00:00",1.2251899242401123,1.229619026184082,1.2246992588043213,1.224814772605896,0
"2018-03-22 00:00:00",1.2347661256790161,1.2386815547943115,1.230042576789856,1.234872817993164,0
"2018-03-23 00:00:00",1.2324985265731812,1.2360174655914307,1.2319974899291992,1.2326048612594604,0
"2018-03-26 00:00:00",1.235437273979187,1.2448959350585938,1.2352389097213745,1.2353914976119995,0
"2018-03-27 00:00:00",1.2457488775253296,1.2478163242340088,1.237332820892334,1.2455006837844849,0
"2018-03-28 00:00:00",1.240787148475647,1.2422360181808472,1.2337149381637573,1.240802526473999,0
"2018-03-29 00:00:00",1.2310267686843872,1.2338062524795532,1.2285163402557373,1.231284499168396,0
"2018-03-30 00:00:00",1.2302846908569336,1.2333498001098633,1.2298005819320679,1.2302544116973877,0
"2018-04-02 00:00:00",1.231420874595642,1.2345678806304932,1.228380560874939,1.231284499168396,0
"2018-04-03 00:00:00",1.229271411895752,1.2336997985839844,1.2255052328109741,1.2293318510055542,0
"2018-04-04 00:00:00",1.2278525829315186,1.2310571670532227,1.225760579109192,1.2279430627822876,0
"2018-04-05 00:00:00",1.228682279586792,1.2291052341461182,1.2219412326812744,1.2287880182266235,0
"2018-04-06 00:00:00",1.2251598834991455,1.2280033826828003,1.2218068838119507,1.2250999212265015,0
"2018-04-09 00:00:00",1.227144479751587,1.2330456972122192,1.2262566089630127,1.227144479751587,0
"2018-04-10 00:00:00",1.2322403192520142,1.2377768754959106,1.2303755283355713,1.2322251796722412,0
"2018-04-11 00:00:00",1.2363078594207764,1.2393723726272583,1.235406756401062,1.2363842725753784,0
"2018-04-12 00:00:00",1.2371643781661987,1.2379761934280396,1.230042576789856,1.237623691558838,0
"2018-04-13 00:00:00",1.2329696416854858,1.234872817993164,1.2308752536773682,1.2333498001098633,0
"2018-04-16 00:00:00",1.233258605003357,1.2394031286239624,1.232635259628296,1.2333041429519653,0
"2018-04-17 00:00:00",1.2385127544403076,1.2415003776550293,1.2338367700576782,1.238466739654541,0
"2018-04-18 00:00:00",1.237317442893982,1.2396950721740723,1.2344460487365723,1.2373021841049194,0
"2018-04-19 00:00:00",1.237914800643921,1.240199327468872,1.2330456972122192,1.2378535270690918,0
"2018-04-20 00:00:00",1.2345526218414307,1.2352694272994995,1.2255052328109741,1.2344155311584473,0
"2018-04-23 00:00:00",1.2273402214050293,1.2289692163467407,1.2212249040603638,1.227385401725769,0
"2018-04-24 00:00:00",1.22089684009552,1.223466157913208,1.2184869050979614,1.2211204767227173,0
"2018-04-25 00:00:00",1.2241400480270386,1.2236157655715942,1.21690034866333,1.2236157655715942,0
"2018-04-26 00:00:00",1.2171669006347656,1.2210012674331665,1.2099798917770386,1.2170779705047607,0
"2018-04-27 00:00:00",1.2109616994857788,1.2116997241973877,1.2056035995483398,1.2107563018798828,0
"2018-04-30 00:00:00",1.2122827768325806,1.2138574123382568,1.2066364288330078,1.2128562927246094,0
"2018-05-01 00:00:00",1.2081234455108643,1.2084592580795288,1.1983511447906494,1.208313226699829,0
"2018-05-02 00:00:00",1.1991558074951172,1.2031089067459106,1.1954143047332764,1.1992132663726807,0
"2018-05-03 00:00:00",1.19510018825531,1.2009127140045166,1.1950715780258179,1.1951714754104614,0
"2018-05-04 00:00:00",1.1989257335662842,1.1997599601745605,1.1914832592010498,1.1989257335662842,0
"2018-05-07 00:00:00",1.195500135421753,1.1978917121887207,1.18995201587677,1.1955716609954834,0
"2018-05-08 00:00:00",1.1933743953704834,1.1938873529434204,1.183936357498169,1.1932604312896729,0
"2018-05-09 00:00:00",1.1867886781692505,1.1896122694015503,1.1823545694351196,1.186676025390625,0
"2018-05-10 00:00:00",1.184721827507019,1.1942437887191772,1.184469223022461,1.1847639083862305,0
"2018-05-11 00:00:00",1.1917530298233032,1.1967878341674805,1.1893434524536133,1.191525936126709,0
"2018-05-14 00:00:00",1.1952143907546997,1.1996996402740479,1.1951572895050049,1.1951572895050049,0
"2018-05-15 00:00:00",1.1931180953979492,1.1940299272537231,1.182396411895752,1.1932035684585571,0
"2018-05-16 00:00:00",1.1820889711380005,1.1853959560394287,1.176567554473877,1.1822566986083984,0
"2018-05-17 00:00:00",1.1816978454589844,1.1836841106414795,1.1778563261032104,1.1814186573028564,0
"2018-05-18 00:00:00",1.1795234680175781,1.182228684425354,1.175046682357788,1.1792036294937134,0
"2018-05-21 00:00:00",1.1766643524169922,1.1778979301452637,1.1718658208847046,1.1763737201690674,0
"2018-05-22 00:00:00",1.1792453527450562,1.1828161478042603,1.1759449243545532,1.1788839101791382,0
"2018-05-23 00:00:00",1.1788560152053833,1.1791006326675415,1.168620228767395,1.1789672374725342,0
"2018-05-24 00:00:00",1.1710150241851807,1.174936294555664,1.1692214012145996,1.1707134246826172,0
"2018-05-25 00:00:00",1.1722642183303833,1.1733232736587524,1.1648359298706055,1.1723191738128662,0
"2018-05-28 00:00:00",1.1688934564590454,1.1730204820632935,1.1608469486236572,1.1687567234039307,0
"2018-05-29 00:00:00",1.162696123123169,1.1639816761016846,1.1514369249343872,1.1627501249313354,0
"2018-05-30 00:00:00",1.1539349555969238,1.1670994758605957,1.1520073413848877,1.153761863708496,0
"2018-05-31 00:00:00",1.1667250394821167,1.1724016666412354,1.1642934083938599,1.1666160821914673,0
"2018-06-01 00:00:00",1.1693171262741089,1.1715501546859741,1.1629935503005981,1.1693308353424072,0
"2018-06-04 00:00:00",1.1668611764907837,1.174425721168518,1.1668747663497925,1.1669973134994507,0
"2018-06-05 00:00:00",1.1700559854507446,1.171385407447815,1.1655282974243164,1.1701792478561401,0
"2018-06-06 00:00:00",1.1726216077804565,1.1797001361846924,1.1714677810668945,1.1726628541946411,0
"2018-06-07 00:00:00",1.178550362586975,1.1841003894805908,1.1783559322357178,1.1783976554870605,0
"2018-06-08 00:00:00",1.1795234680175781,1.181199550628662,1.1728416681289673,1.1793843507766724,0
"2018-06-11 00:00:00",1.1783976554870605,1.1820330619812012,1.1776067018508911,1.1786893606185913,0
"2018-06-12 00:00:00",1.177412509918213,1.1808466911315918,1.174315333366394,1.1773293018341064,0
"2018-06-13 00:00:00",1.17482590675354,1.1789672374725342,1.1733646392822266,1.1747568845748901,0
"2018-06-14 00:00:00",1.1807769536972046,1.1841607093811035,1.1628854274749756,1.1806375980377197,0
"2018-06-15 00:00:00",1.1566576957702637,1.1626555919647217,1.1545344591140747,1.156336784362793,0
"2018-06-18 00:00:00",1.159595012664795,1.1623716354370117,1.156644344329834,1.1597026586532593,0
"2018-06-19 00:00:00",1.1630746126174927,1.164686679840088,1.153322696685791,1.163007140159607,0
"2018-06-20 00:00:00",1.1588560342788696,1.1600120067596436,1.1546010971069336,1.1589365005493164,0
"2018-06-21 00:00:00",1.1579033136367798,1.1628313064575195,1.151410460472107,1.1577022075653076,0
"2018-06-22 00:00:00",1.1605775356292725,1.1675995588302612,1.1601735353469849,1.1606987714767456,0
"2018-06-25 00:00:00",1.1661399602890015,1.1700011491775513,1.1629935503005981,1.1660583019256592,0
"2018-06-26 00:00:00",1.1702749729156494,1.17205810546875,1.1652023792266846,1.1701792478561401,0
"2018-06-27 00:00:00",1.1650259494781494,1.1671879291534424,1.1583592891693115,1.164808750152588,0
"2018-06-28 00:00:00",1.1563634872436523,1.1596999168395996,1.1528042554855347,1.156243085861206,0
"2018-06-29 00:00:00",1.1562966108322144,1.1682379245758057,1.15644371509552,1.15644371509552,0
"2018-07-02 00:00:00",1.1678558588027954,1.1678422689437866,1.1592589616775513,1.1678422689437866,0
"2018-07-03 00:00:00",1.1642121076583862,1.1675423383712769,1.1622636318206787,1.1640766859054565,0
"2018-07-04 00:00:00",1.1659224033355713,1.1681833267211914,1.1631423234939575,1.16593599319458,0
"2018-07-05 00:00:00",1.166235089302063,1.1719757318496704,1.165080189704895,1.1661807298660278,0
"2018-07-06 00:00:00",1.1695905923843384,1.1767336130142212,1.1680742502212524,1.169385552406311,0
"2018-07-09 00:00:00",1.1752262115478516,1.179078459739685,1.1742877960205078,1.1751710176467896,0
"2018-07-10 00:00:00",1.1756960153579712,1.1762906312942505,1.1691941022872925,1.1757513284683228,0
"2018-07-11 00:00:00",1.1727042198181152,1.1755163669586182,1.1698368787765503,1.1730343103408813,0
"2018-07-12 00:00:00",1.1676785945892334,1.169700026512146,1.1650530099868774,1.167569637298584,0
"2018-07-13 00:00:00",1.1665889024734497,1.1675423383712769,1.1614537239074707,1.16637122631073,0
"2018-07-16 00:00:00",1.1679104566574097,1.1726078987121582,1.1676650047302246,1.1678968667984009,0
"2018-07-17 00:00:00",1.170946478843689,1.1745359897613525,1.1664528846740723,1.1710561513900757,0
"2018-07-18 00:00:00",1.1653246879577637,1.166534423828125,1.1603754758834839,1.1657729148864746,0
"2018-07-19 00:00:00",1.164564609527588,1.1657049655914307,1.157594919204712,1.1646188497543335,0
"2018-07-20 00:00:00",1.1655147075653076,1.172236680984497,1.1628042459487915,1.1654739379882812,0
"2018-07-23 00:00:00",1.1741912364959717,1.1750881671905518,1.1688660383224487,1.1741775274276733,0
"2018-07-24 00:00:00",1.1694128513336182,1.1716599464416504,1.1657185554504395,1.169864296913147,0
"2018-07-25 00:00:00",1.1685519218444824,1.1713716983795166,1.1667522192001343,1.168770432472229,0
"2018-07-26 00:00:00",1.1737502813339233,1.174315333366394,1.1650937795639038,1.1739845275878906,0
"2018-07-27 00:00:00",1.1642934083938599,1.1663167476654053,1.1623716354370117,1.1644561290740967,0
"2018-07-30 00:00:00",1.16604483127594,1.1719207763671875,1.1649445295333862,1.1663167476654053,0
"2018-07-31 00:00:00",1.1707408428192139,1.1748120784759521,1.1692761182785034,1.170864224433899,0
"2018-08-01 00:00:00",1.168961763381958,1.169864296913147,1.166534423828125,1.168961763381958,0
"2018-08-02 00:00:00",1.1665889024734497,1.1669973134994507,1.1604158878326416,1.1663848161697388,0
"2018-08-03 00:00:00",1.1586008071899414,1.1612001657485962,1.1562163829803467,1.1585606336593628,0
"2018-08-06 00:00:00",1.1562297344207764,1.1570056676864624,1.1530966758728027,1.156136155128479,0
"2018-08-07 00:00:00",1.1558021306991577,1.1609008312225342,1.1552013158798218,1.155748724937439,0
"2018-08-08 00:00:00",1.1602946519851685,1.1629259586334229,1.1574609279632568,1.1603351831436157,0
"2018-08-09 00:00:00",1.1610760688781738,1.1621150970458984,1.156176209449768,1.1610087156295776,0
"2018-08-10 00:00:00",1.1523923873901367,1.1539349555969238,1.1396141052246094,1.1528706550598145,0
"2018-08-13 00:00:00",1.1394712924957275,1.143379807472229,1.1365960836410522,1.1395881175994873,0
"2018-08-14 00:00:00",1.1402509212493896,1.1431001424789429,1.134751796722412,1.139847993850708,0
"2018-08-15 00:00:00",1.1345715522766113,1.1349449157714844,1.1302244663238525,1.1348161697387695,0
"2018-08-16 00:00:00",1.134429931640625,1.140836238861084,1.1338382959365845,1.134429931640625,0
"2018-08-17 00:00:00",1.1371389627456665,1.1422044038772583,1.1367381811141968,1.137229561805725,0
"2018-08-20 00:00:00",1.1437721252441406,1.1449376344680786,1.1395231485366821,1.1437852382659912,0
"2018-08-21 00:00:00",1.149134635925293,1.1539082527160645,1.1486594676971436,1.1489102840423584,0
"2018-08-22 00:00:00",1.1576753854751587,1.162520408630371,1.1554415225982666,1.15763521194458,0
"2018-08-23 00:00:00",1.1584800481796265,1.1589634418487549,1.154521107673645,1.1586277484893799,0
"2018-08-24 00:00:00",1.154334545135498,1.1636972427368164,1.1539349555969238,1.1542812585830688,0
"2018-08-27 00:00:00",1.164890170097351,1.1680878400802612,1.1597161293029785,1.164442539215088,0
"2018-08-28 00:00:00",1.1683608293533325,1.1732999086380005,1.1663440465927124,1.1683471202850342,0
"2018-08-29 00:00:00",1.1691256761550903,1.1706311702728271,1.1654006242752075,1.1693034172058105,0
"2018-08-30 00:00:00",1.1709738969802856,1.1717559099197388,1.1644154787063599,1.1709327697753906,0
"2018-08-31 00:00:00",1.1664663553237915,1.1689343452453613,1.1596487760543823,1.1665889024734497,0
"2018-09-03 00:00:00",1.1601063013076782,1.1627906560897827,1.1590977907180786,1.1598505973815918,0
"2018-09-04 00:00:00",1.161548137664795,1.1615750789642334,1.153322696685791,1.16130530834198,0
"2018-09-05 00:00:00",1.1586545705795288,1.1632641553878784,1.1546810865402222,1.1588022708892822,0
"2018-09-06 00:00:00",1.1635212898254395,1.165623426437378,1.1607661247253418,1.1634942293167114,0
"2018-09-07 00:00:00",1.1620069742202759,1.1650937795639038,1.1563901901245117,1.1623852252960205,0
"2018-09-10 00:00:00",1.1561094522476196,1.161440134048462,1.1527643203735352,1.1558955907821655,0
"2018-09-11 00:00:00",1.159595012664795,1.1642799377441406,1.1566845178604126,1.1593396663665771,0
"2018-09-12 00:00:00",1.1596084833145142,1.1648223400115967,1.1570860147476196,1.159595012664795,0
"2018-09-13 00:00:00",1.1629259586334229,1.1700832843780518,1.16096830368042,1.1626555919647217,0
"2018-09-14 00:00:00",1.1691803932189941,1.1721267700195312,1.1655691862106323,1.1690436601638794,0
"2018-09-17 00:00:00",1.1628988981246948,1.1695905923843384,1.162358283996582,1.162358283996582,0
"2018-09-18 00:00:00",1.1669156551361084,1.1720443964004517,1.1669156551361084,1.1669156551361084,0
"2018-09-19 00:00:00",1.167992353439331,1.1716461181640625,1.165338158607483,1.167883276939392,0
"2018-09-20 00:00:00",1.167460560798645,1.1776995658874512,1.1672834157943726,1.1674060821533203,0
"2018-09-21 00:00:00",1.1775927543640137,1.180163860321045,1.1735711097717285,1.1776067018508911,0
"2018-09-24 00:00:00",1.1751019954681396,1.1815024614334106,1.172525405883789,1.1751019954681396,0
"2018-09-25 00:00:00",1.175295352935791,1.1792453527450562,1.1732544898986816,1.1753228902816772,0
"2018-09-26 00:00:00",1.1763184070587158,1.1776995658874512,1.1728966236114502,1.1766090393066406,0
"2018-09-27 00:00:00",1.1748534440994263,1.1759172677993774,1.1664528846740723,1.1747153997421265,0
"2018-09-28 00:00:00",1.1637378931045532,1.1653001308441162,1.1570591926574707,1.1636837720870972,0
"2018-10-01 00:00:00",1.1605371236801147,1.1621285676956177,1.156510591506958,1.160496711730957,0
"2018-10-02 00:00:00",1.157755732536316,1.1582117080688477,1.1506686210632324,1.157755732536316,0
"2018-10-03 00:00:00",1.1551746129989624,1.159326195716858,1.1516358852386475,1.155041217803955,0
"2018-10-04 00:00:00",1.147631287574768,1.153599500656128,1.1464602947235107,1.147736668586731,0
"2018-10-05 00:00:00",1.1518083810806274,1.1542545557022095,1.1487782001495361,1.1517553329467773,0
"2018-10-08 00:00:00",1.1522595882415771,1.1531364917755127,1.146092414855957,1.1523923873901367,0
"2018-10-09 00:00:00",1.1494120359420776,1.150483250617981,1.1433275938034058,1.1494648456573486,0
"2018-10-10 00:00:00",1.1506949663162231,1.1541999578475952,1.1480661630630493,1.1504037380218506,0
"2018-10-11 00:00:00",1.1533360481262207,1.1597565412521362,1.1532163619995117,1.1532163619995117,0
"2018-10-12 00:00:00",1.1590440273284912,1.1609547138214111,1.1536953449249268,1.1590440273284912,0
"2018-10-15 00:00:00",1.1551345586776733,1.1605640649795532,1.1543611288070679,1.1550945043563843,0
"2018-10-16 00:00:00",1.1583458185195923,1.1620069742202759,1.156711220741272,1.1583324670791626,0
"2018-10-17 00:00:00",1.1575279235839844,1.1582117080688477,1.1521799564361572,1.15763521194458,0
"2018-10-18 00:00:00",1.1500862836837769,1.1527377367019653,1.1482902765274048,1.1500862836837769,0
"2018-10-19 00:00:00",1.1460003852844238,1.151450276374817,1.1433666944503784,1.145514726638794,0
"2018-10-22 00:00:00",1.1509466171264648,1.1551998853683472,1.1462368965148926,1.1511188745498657,0
"2018-10-23 00:00:00",1.1467890739440918,1.1489763259887695,1.1439945697784424,1.1464734077453613,0
"2018-10-24 00:00:00",1.147315263748169,1.1475785970687866,1.138407588005066,1.1472625732421875,0
"2018-10-25 00:00:00",1.1399258375167847,1.143079161643982,1.1366219520568848,1.1398738622665405,0
"2018-10-26 00:00:00",1.1377859115600586,1.139847993850708,1.133619785308838,1.1375141143798828,0
"2018-10-29 00:00:00",1.1398738622665405,1.1415785551071167,1.1364411115646362,1.1398738622665405,0
"2018-10-30 00:00:00",1.137617588043213,1.1387057304382324,1.1347389221191406,1.1375141143798828,0
"2018-10-31 00:00:00",1.1346358060836792,1.1360150575637817,1.1311705112457275,1.1345844268798828,0
"2018-11-01 00:00:00",1.1316697597503662,1.1413179636001587,1.1313753128051758,1.1313880681991577,0
"2018-11-02 00:00:00",1.1403288841247559,1.1455409526824951,1.1375658512115479,1.1402769088745117,0
